-1.0,-1.0,-1.0,-1.0,-1.0,-1.0,-1.0,-1.0,0.25,-1.0,0.1428571492433548,0.41904762387275696,-1.0,-1.0,-1.0,0.8073412775993347,-1.0,-1.0,-1.0,1.0
-1.0,-1.0,-1.0,-1.0,-1.0,-1.0,-1.0,-1.0,0.3333333432674408,-1.0,0.1428571492433548,0.5301587581634521,-1.0,-1.0,-1.0,0.6427579522132874,-1.0,-1.0,-1.0,1.0
-1.0,-1.0,-1.0,-1.0,-1.0,-1.0,-1.0,-1.0,0.20000000298023224,-1.0,0.1666666716337204,0.6476190686225891,-1.0,-1.0,-1.0,0.7260912656784058,-1.0,-1.0,-1.0,1.0
-1.0,-1.0,-1.0,-1.0,-1.0,-1.0,-1.0,-1.0,0.20000000298023224,-1.0,0.25,0.6116666793823242,-1.0,-1.0,-1.0,0.7260912656784058,-1.0,-1.0,-1.0,1.0
-1.0,-1.0,-1.0,-1.0,-1.0,-1.0,-1.0,-1.0,0.1666666716337204,-1.0,0.25,0.8349999785423279,-1.0,-1.0,-1.0,0.9067956209182739,-1.0,-1.0,-1.0,1.0
-1.0,-1.0,-1.0,-1.0,-1.0,-1.0,-1.0,-1.0,0.25,-1.0,0.1428571492433548,0.8600000143051147,-1.0,-1.0,-1.0,0.8227678537368774,-1.0,-1.0,-1.0,1.0
-1.0,-1.0,-1.0,-1.0,-1.0,-1.0,-1.0,-1.0,0.20000000298023224,-1.0,0.10000000149011612,1.0,-1.0,-1.0,-1.0,0.9206845164299011,-1.0,-1.0,-1.0,1.0
-1.0,-1.0,-1.0,-1.0,-1.0,-1.0,-1.0,-1.0,0.5,-1.0,0.3333333432674408,0.9666666388511658,-1.0,-1.0,-1.0,0.9593750238418579,-1.0,-1.0,-1.0,1.0
-1.0,-1.0,-1.0,-1.0,-1.0,-1.0,-1.0,-1.0,0.3333333432674408,-1.0,0.25,1.0,-1.0,-1.0,-1.0,0.9526289701461792,-1.0,-1.0,-1.0,1.0
-1.0,-1.0,-1.0,-1.0,-1.0,-1.0,-1.0,-1.0,0.1428571492433548,-1.0,0.1666666716337204,0.9111111164093018,-1.0,-1.0,-1.0,0.8951388597488403,-1.0,-1.0,-1.0,1.0
-1.0,-1.0,-1.0,-1.0,-1.0,-1.0,-1.0,-1.0,1.0,-1.0,0.125,0.9266666769981384,-1.0,-1.0,-1.0,0.9704861044883728,-1.0,-1.0,-1.0,1.0
-1.0,-1.0,-1.0,-1.0,-1.0,-1.0,-1.0,-1.0,0.5,-1.0,0.20000000298023224,0.8766666650772095,-1.0,-1.0,-1.0,0.9317956566810608,-1.0,-1.0,-1.0,1.0
-1.0,-1.0,-1.0,-1.0,-1.0,-1.0,-1.0,-1.0,0.1111111119389534,-1.0,0.1428571492433548,0.9428571462631226,-1.0,-1.0,-1.0,0.8755456209182739,-1.0,-1.0,-1.0,1.0
-1.0,-1.0,-1.0,-1.0,-1.0,-1.0,-1.0,-1.0,0.3333333432674408,-1.0,1.0,1.0,-1.0,-1.0,-1.0,0.9750000238418579,-1.0,-1.0,-1.0,1.0
-1.0,-1.0,-1.0,-1.0,-1.0,-1.0,-1.0,-1.0,0.1666666716337204,-1.0,0.20000000298023224,1.0,-1.0,-1.0,-1.0,1.0,-1.0,-1.0,-1.0,1.0
-1.0,-1.0,-1.0,-1.0,-1.0,-1.0,-1.0,-1.0,1.0,-1.0,1.0,1.0,-1.0,-1.0,-1.0,0.9704861044883728,-1.0,-1.0,-1.0,1.0
-1.0,-1.0,-1.0,-1.0,-1.0,-1.0,-1.0,-1.0,0.20000000298023224,-1.0,0.125,1.0,-1.0,-1.0,-1.0,0.8755456209182739,-1.0,-1.0,-1.0,1.0
-1.0,-1.0,-1.0,-1.0,-1.0,-1.0,-1.0,-1.0,0.25,-1.0,0.3333333432674408,0.7642857432365417,-1.0,-1.0,-1.0,0.9085317254066467,-1.0,-1.0,-1.0,1.0
-1.0,-1.0,-1.0,-1.0,-1.0,-1.0,-1.0,-1.0,0.1666666716337204,-1.0,0.3333333432674408,1.0,-1.0,-1.0,-1.0,0.9861111044883728,-1.0,-1.0,-1.0,1.0
-1.0,-1.0,-1.0,-1.0,-1.0,-1.0,-1.0,-1.0,0.5,-1.0,1.0,1.0,-1.0,-1.0,-1.0,0.9750000238418579,-1.0,-1.0,-1.0,1.0
-1.0,-1.0,-1.0,-1.0,-1.0,-1.0,-1.0,-1.0,0.10000000149011612,-1.0,0.1428571492433548,1.0,-1.0,-1.0,-1.0,0.8385912775993347,-1.0,-1.0,-1.0,1.0
-1.0,-1.0,-1.0,-1.0,-1.0,-1.0,-1.0,-1.0,0.3333333432674408,-1.0,0.25,0.9666666388511658,-1.0,-1.0,-1.0,0.9704861044883728,-1.0,-1.0,-1.0,1.0
-1.0,-1.0,-1.0,-1.0,-1.0,-1.0,-1.0,-1.0,0.5,-1.0,0.3333333432674408,0.925000011920929,-1.0,-1.0,-1.0,0.9704861044883728,-1.0,-1.0,-1.0,1.0
-1.0,-1.0,-1.0,-1.0,-1.0,-1.0,-1.0,-1.0,0.1111111119389534,-1.0,0.5,1.0,-1.0,-1.0,-1.0,0.9861111044883728,-1.0,-1.0,-1.0,1.0
-1.0,-1.0,-1.0,-1.0,-1.0,-1.0,-1.0,-1.0,0.5,-1.0,0.25,1.0,-1.0,-1.0,-1.0,0.6635912656784058,-1.0,-1.0,-1.0,1.0
-1.0,-1.0,-1.0,-1.0,-1.0,-1.0,-1.0,-1.0,0.10000000149011612,-1.0,0.10000000149011612,1.0,-1.0,-1.0,-1.0,0.9317956566810608,-1.0,-1.0,-1.0,1.0
-1.0,-1.0,-1.0,-1.0,-1.0,-1.0,-1.0,-1.0,1.0,-1.0,1.0,0.9666666388511658,-1.0,-1.0,-1.0,0.8701388835906982,-1.0,-1.0,-1.0,1.0
-1.0,-1.0,-1.0,-1.0,-1.0,-1.0,-1.0,-1.0,1.0,-1.0,0.5,1.0,-1.0,-1.0,-1.0,0.9750000238418579,-1.0,-1.0,-1.0,1.0
-1.0,-1.0,-1.0,-1.0,-1.0,-1.0,-1.0,-1.0,0.10000000149011612,-1.0,0.1666666716337204,1.0,-1.0,-1.0,-1.0,0.9067956209182739,-1.0,-1.0,-1.0,1.0
-1.0,-1.0,-1.0,-1.0,-1.0,-1.0,-1.0,-1.0,0.10000000149011612,-1.0,0.125,0.8392857313156128,-1.0,-1.0,-1.0,0.9472222328186035,-1.0,-1.0,-1.0,1.0
-1.0,-1.0,-1.0,-1.0,-1.0,-1.0,-1.0,-1.0,0.5,-1.0,0.5,1.0,-1.0,-1.0,-1.0,0.9593750238418579,-1.0,-1.0,-1.0,1.0
-1.0,-1.0,-1.0,-1.0,-1.0,-1.0,-1.0,-1.0,0.20000000298023224,-1.0,0.1111111119389534,1.0,-1.0,-1.0,-1.0,0.895684540271759,-1.0,-1.0,-1.0,1.0
-1.0,-1.0,-1.0,-1.0,-1.0,-1.0,-1.0,-1.0,0.125,-1.0,0.20000000298023224,1.0,-1.0,-1.0,-1.0,0.9750000238418579,-1.0,-1.0,-1.0,1.0
-1.0,-1.0,-1.0,-1.0,-1.0,-1.0,-1.0,-1.0,0.1428571492433548,-1.0,0.1666666716337204,1.0,-1.0,-1.0,-1.0,0.9415178298950195,-1.0,-1.0,-1.0,1.0
-1.0,-1.0,-1.0,-1.0,-1.0,-1.0,-1.0,-1.0,0.10000000149011612,-1.0,0.125,0.9666666388511658,-1.0,-1.0,-1.0,0.9704861044883728,-1.0,-1.0,-1.0,1.0
-1.0,-1.0,-1.0,-1.0,-1.0,-1.0,-1.0,-1.0,1.0,-1.0,0.10000000149011612,0.9666666388511658,-1.0,-1.0,-1.0,0.9415178298950195,-1.0,-1.0,-1.0,1.0
-1.0,-1.0,-1.0,-1.0,-1.0,-1.0,-1.0,-1.0,0.25,-1.0,0.20000000298023224,1.0,-1.0,-1.0,-1.0,1.0,-1.0,-1.0,-1.0,1.0
-1.0,-1.0,-1.0,-1.0,-1.0,-1.0,-1.0,-1.0,0.1428571492433548,-1.0,0.1428571492433548,0.9666666388511658,-1.0,-1.0,-1.0,1.0,-1.0,-1.0,-1.0,1.0
-1.0,-1.0,-1.0,-1.0,-1.0,-1.0,-1.0,-1.0,1.0,-1.0,1.0,0.925000011920929,-1.0,-1.0,-1.0,0.9415178298950195,-1.0,-1.0,-1.0,1.0
-1.0,-1.0,-1.0,-1.0,-1.0,-1.0,-1.0,-1.0,0.25,-1.0,0.1666666716337204,0.9428571462631226,-1.0,-1.0,-1.0,0.9415178298950195,-1.0,-1.0,-1.0,1.0
-1.0,-1.0,-1.0,-1.0,-1.0,-1.0,-1.0,-1.0,0.1428571492433548,-1.0,0.20000000298023224,1.0,-1.0,-1.0,-1.0,0.9861111044883728,-1.0,-1.0,-1.0,1.0
-1.0,-1.0,-1.0,-1.0,-1.0,-1.0,-1.0,-1.0,1.0,-1.0,0.1428571492433548,1.0,-1.0,-1.0,-1.0,0.8552579283714294,-1.0,-1.0,-1.0,1.0
-1.0,-1.0,-1.0,-1.0,-1.0,-1.0,-1.0,-1.0,0.3333333432674408,-1.0,0.1666666716337204,0.925000011920929,-1.0,-1.0,-1.0,0.9704861044883728,-1.0,-1.0,-1.0,1.0
-1.0,-1.0,-1.0,-1.0,-1.0,-1.0,-1.0,-1.0,0.1666666716337204,-1.0,0.5,1.0,-1.0,-1.0,-1.0,0.9750000238418579,-1.0,-1.0,-1.0,1.0
-1.0,-1.0,-1.0,-1.0,-1.0,-1.0,-1.0,-1.0,0.25,-1.0,0.125,1.0,-1.0,-1.0,-1.0,0.9704861044883728,-1.0,-1.0,-1.0,1.0
-1.0,-1.0,-1.0,-1.0,-1.0,-1.0,-1.0,-1.0,0.3333333432674408,-1.0,0.1111111119389534,0.8766666650772095,-1.0,-1.0,-1.0,0.9526289701461792,-1.0,-1.0,-1.0,1.0
-1.0,-1.0,-1.0,-1.0,-1.0,-1.0,-1.0,-1.0,1.0,-1.0,0.1428571492433548,0.8999999761581421,-1.0,-1.0,-1.0,1.0,-1.0,-1.0,-1.0,1.0
-1.0,-1.0,-1.0,-1.0,-1.0,-1.0,-1.0,-1.0,1.0,-1.0,0.25,0.8999999761581421,-1.0,-1.0,-1.0,0.8338789939880371,-1.0,-1.0,-1.0,1.0
-1.0,-1.0,-1.0,-1.0,-1.0,-1.0,-1.0,-1.0,1.0,-1.0,1.0,1.0,-1.0,-1.0,-1.0,0.9704861044883728,-1.0,-1.0,-1.0,1.0
-1.0,-1.0,-1.0,-1.0,-1.0,-1.0,-1.0,-1.0,0.25,-1.0,0.1666666716337204,1.0,-1.0,-1.0,-1.0,0.9861111044883728,-1.0,-1.0,-1.0,1.0
-1.0,-1.0,-1.0,-1.0,-1.0,-1.0,-1.0,-1.0,0.3333333432674408,-1.0,0.125,0.9666666388511658,-1.0,-1.0,-1.0,0.864434540271759,-1.0,-1.0,-1.0,1.0
-1.0,-1.0,-1.0,-1.0,-1.0,-1.0,-1.0,-1.0,0.5,-1.0,1.0,1.0,-1.0,-1.0,-1.0,0.9861111044883728,-1.0,-1.0,-1.0,1.0
-1.0,-1.0,-1.0,-1.0,-1.0,-1.0,-1.0,-1.0,0.25,-1.0,0.125,0.9428571462631226,-1.0,-1.0,-1.0,0.9415178298950195,-1.0,-1.0,-1.0,1.0
-1.0,-1.0,-1.0,-1.0,-1.0,-1.0,-1.0,-1.0,0.5,-1.0,0.25,1.0,-1.0,-1.0,-1.0,0.9750000238418579,-1.0,-1.0,-1.0,1.0
-1.0,-1.0,-1.0,-1.0,-1.0,-1.0,-1.0,-1.0,0.25,-1.0,0.25,1.0,-1.0,-1.0,-1.0,0.9593750238418579,-1.0,-1.0,-1.0,1.0
-1.0,-1.0,-1.0,-1.0,-1.0,-1.0,-1.0,-1.0,1.0,-1.0,0.5,1.0,-1.0,-1.0,-1.0,0.9861111044883728,-1.0,-1.0,-1.0,1.0
-1.0,-1.0,-1.0,-1.0,-1.0,-1.0,-1.0,-1.0,0.5,-1.0,1.0,1.0,-1.0,-1.0,-1.0,1.0,-1.0,-1.0,-1.0,1.0
-1.0,-1.0,-1.0,-1.0,-1.0,-1.0,-1.0,-1.0,0.1666666716337204,-1.0,0.125,0.9428571462631226,-1.0,-1.0,-1.0,0.9861111044883728,-1.0,-1.0,-1.0,1.0
-1.0,-1.0,-1.0,-1.0,-1.0,-1.0,-1.0,-1.0,0.1666666716337204,-1.0,0.20000000298023224,1.0,-1.0,-1.0,-1.0,0.9472222328186035,-1.0,-1.0,-1.0,1.0
-1.0,-1.0,-1.0,-1.0,-1.0,-1.0,-1.0,-1.0,0.1666666716337204,-1.0,0.3333333432674408,1.0,-1.0,-1.0,-1.0,1.0,-1.0,-1.0,-1.0,1.0
-1.0,-1.0,-1.0,-1.0,-1.0,-1.0,-1.0,-1.0,0.1666666716337204,-1.0,1.0,0.9666666388511658,-1.0,-1.0,-1.0,0.810615062713623,-1.0,-1.0,-1.0,1.0
-1.0,-1.0,-1.0,-1.0,-1.0,-1.0,-1.0,-1.0,0.1428571492433548,-1.0,0.1666666716337204,1.0,-1.0,-1.0,-1.0,0.9861111044883728,-1.0,-1.0,-1.0,1.0
-1.0,-1.0,-1.0,-1.0,-1.0,-1.0,-1.0,-1.0,0.5,-1.0,0.3333333432674408,0.9111111164093018,-1.0,-1.0,-1.0,0.9472222328186035,-1.0,-1.0,-1.0,1.0
-1.0,-1.0,-1.0,-1.0,-1.0,-1.0,-1.0,-1.0,0.125,-1.0,0.25,1.0,-1.0,-1.0,-1.0,0.8802579641342163,-1.0,-1.0,-1.0,1.0
-1.0,-1.0,-1.0,-1.0,-1.0,-1.0,-1.0,-1.0,0.10000000149011612,-1.0,0.1111111119389534,1.0,-1.0,-1.0,-1.0,0.7656745910644531,-1.0,-1.0,-1.0,1.0
-1.0,-1.0,-1.0,-1.0,-1.0,-1.0,-1.0,-1.0,0.3333333432674408,-1.0,0.3333333432674408,0.9666666388511658,-1.0,-1.0,-1.0,0.9472222328186035,-1.0,-1.0,-1.0,1.0
-1.0,-1.0,-1.0,-1.0,-1.0,-1.0,-1.0,-1.0,0.25,-1.0,1.0,1.0,-1.0,-1.0,-1.0,0.9472222328186035,-1.0,-1.0,-1.0,1.0
-1.0,-1.0,-1.0,-1.0,-1.0,-1.0,-1.0,-1.0,0.1666666716337204,-1.0,0.3333333432674408,0.9428571462631226,-1.0,-1.0,-1.0,0.9415178298950195,-1.0,-1.0,-1.0,1.0
-1.0,-1.0,-1.0,-1.0,-1.0,-1.0,-1.0,-1.0,0.1111111119389534,-1.0,0.5,0.9666666388511658,-1.0,-1.0,-1.0,0.9861111044883728,-1.0,-1.0,-1.0,1.0
-1.0,-1.0,-1.0,-1.0,-1.0,-1.0,-1.0,-1.0,0.1428571492433548,-1.0,0.5,1.0,-1.0,-1.0,-1.0,1.0,-1.0,-1.0,-1.0,1.0
-1.0,-1.0,-1.0,-1.0,-1.0,-1.0,-1.0,-1.0,1.0,-1.0,0.1428571492433548,1.0,-1.0,-1.0,-1.0,0.9861111044883728,-1.0,-1.0,-1.0,1.0
-1.0,-1.0,-1.0,-1.0,-1.0,-1.0,-1.0,-1.0,0.20000000298023224,-1.0,1.0,1.0,-1.0,-1.0,-1.0,1.0,-1.0,-1.0,-1.0,1.0
-1.0,-1.0,-1.0,-1.0,-1.0,-1.0,-1.0,-1.0,1.0,-1.0,0.20000000298023224,0.9428571462631226,-1.0,-1.0,-1.0,0.9085317254066467,-1.0,-1.0,-1.0,1.0
-1.0,-1.0,-1.0,-1.0,-1.0,-1.0,-1.0,-1.0,0.25,-1.0,0.125,0.8711110949516296,-1.0,-1.0,-1.0,0.9159722328186035,-1.0,-1.0,-1.0,1.0
-1.0,-1.0,-1.0,-1.0,-1.0,-1.0,-1.0,-1.0,0.3333333432674408,-1.0,0.25,1.0,-1.0,-1.0,-1.0,0.8701388835906982,-1.0,-1.0,-1.0,1.0
-1.0,-1.0,-1.0,-1.0,-1.0,-1.0,-1.0,-1.0,0.1666666716337204,-1.0,1.0,1.0,-1.0,-1.0,-1.0,1.0,-1.0,-1.0,-1.0,1.0
-1.0,-1.0,-1.0,-1.0,-1.0,-1.0,-1.0,-1.0,0.3333333432674408,-1.0,0.25,1.0,-1.0,-1.0,-1.0,0.9861111044883728,-1.0,-1.0,-1.0,1.0
-1.0,-1.0,-1.0,-1.0,-1.0,-1.0,-1.0,-1.0,0.5,-1.0,0.1428571492433548,0.9428571462631226,-1.0,-1.0,-1.0,0.9415178298950195,-1.0,-1.0,-1.0,1.0
-1.0,-1.0,-1.0,-1.0,-1.0,-1.0,-1.0,-1.0,0.25,-1.0,0.125,0.9666666388511658,-1.0,-1.0,-1.0,0.9472222328186035,-1.0,-1.0,-1.0,1.0
-1.0,-1.0,-1.0,-1.0,-1.0,-1.0,-1.0,-1.0,1.0,-1.0,0.10000000149011612,0.9428571462631226,-1.0,-1.0,-1.0,0.9472222328186035,-1.0,-1.0,-1.0,1.0
-1.0,-1.0,-1.0,-1.0,-1.0,-1.0,-1.0,-1.0,1.0,-1.0,0.5,1.0,-1.0,-1.0,-1.0,1.0,-1.0,-1.0,-1.0,1.0
-1.0,-1.0,-1.0,-1.0,-1.0,-1.0,-1.0,-1.0,0.5,-1.0,1.0,1.0,-1.0,-1.0,-1.0,0.8385912775993347,-1.0,-1.0,-1.0,1.0
-1.0,-1.0,-1.0,-1.0,-1.0,-1.0,-1.0,-1.0,0.1428571492433548,-1.0,0.1111111119389534,1.0,-1.0,-1.0,-1.0,0.9085317254066467,-1.0,-1.0,-1.0,1.0
-1.0,-1.0,-1.0,-1.0,-1.0,-1.0,-1.0,-1.0,0.1666666716337204,-1.0,0.10000000149011612,1.0,-1.0,-1.0,-1.0,0.864434540271759,-1.0,-1.0,-1.0,1.0
-1.0,-1.0,-1.0,-1.0,-1.0,-1.0,-1.0,-1.0,0.5,-1.0,0.10000000149011612,1.0,-1.0,-1.0,-1.0,0.9704861044883728,-1.0,-1.0,-1.0,1.0
-1.0,-1.0,-1.0,-1.0,-1.0,-1.0,-1.0,-1.0,0.10000000149011612,-1.0,0.5,1.0,-1.0,-1.0,-1.0,0.9750000238418579,-1.0,-1.0,-1.0,1.0
-1.0,-1.0,-1.0,-1.0,-1.0,-1.0,-1.0,-1.0,1.0,-1.0,1.0,0.9428571462631226,-1.0,-1.0,-1.0,0.9526289701461792,-1.0,-1.0,-1.0,1.0
-1.0,-1.0,-1.0,-1.0,-1.0,-1.0,-1.0,-1.0,0.125,-1.0,0.25,1.0,-1.0,-1.0,-1.0,0.9526289701461792,-1.0,-1.0,-1.0,1.0
-1.0,-1.0,-1.0,-1.0,-1.0,-1.0,-1.0,-1.0,1.0,-1.0,0.125,1.0,-1.0,-1.0,-1.0,0.9861111044883728,-1.0,-1.0,-1.0,1.0
-1.0,-1.0,-1.0,-1.0,-1.0,-1.0,-1.0,-1.0,0.25,-1.0,0.1666666716337204,1.0,-1.0,-1.0,-1.0,0.9593750238418579,-1.0,-1.0,-1.0,1.0
-1.0,-1.0,-1.0,-1.0,-1.0,-1.0,-1.0,-1.0,0.20000000298023224,-1.0,0.3333333432674408,1.0,-1.0,-1.0,-1.0,0.9704861044883728,-1.0,-1.0,-1.0,1.0
-1.0,-1.0,-1.0,-1.0,-1.0,-1.0,-1.0,-1.0,0.125,-1.0,0.25,1.0,-1.0,-1.0,-1.0,1.0,-1.0,-1.0,-1.0,1.0
-1.0,-1.0,-1.0,-1.0,-1.0,-1.0,-1.0,-1.0,1.0,-1.0,0.1111111119389534,0.9111111164093018,-1.0,-1.0,-1.0,1.0,-1.0,-1.0,-1.0,1.0
-1.0,-1.0,-1.0,-1.0,-1.0,-1.0,-1.0,-1.0,0.25,-1.0,0.20000000298023224,1.0,-1.0,-1.0,-1.0,1.0,-1.0,-1.0,-1.0,1.0
-1.0,-1.0,-1.0,-1.0,-1.0,-1.0,-1.0,-1.0,0.25,-1.0,0.1428571492433548,0.9666666388511658,-1.0,-1.0,-1.0,0.9750000238418579,-1.0,-1.0,-1.0,1.0
-1.0,-1.0,-1.0,-1.0,-1.0,-1.0,-1.0,-1.0,0.20000000298023224,-1.0,0.1111111119389534,1.0,-1.0,-1.0,-1.0,0.9415178298950195,-1.0,-1.0,-1.0,1.0
-1.0,-1.0,-1.0,-1.0,-1.0,-1.0,-1.0,-1.0,0.5,-1.0,1.0,0.9666666388511658,-1.0,-1.0,-1.0,0.9593750238418579,-1.0,-1.0,-1.0,1.0
-1.0,-1.0,-1.0,-1.0,-1.0,-1.0,-1.0,-1.0,0.5,-1.0,0.20000000298023224,0.9666666388511658,-1.0,-1.0,-1.0,0.9861111044883728,-1.0,-1.0,-1.0,1.0
-1.0,-1.0,-1.0,-1.0,-1.0,-1.0,-1.0,-1.0,0.3333333432674408,-1.0,1.0,1.0,-1.0,-1.0,-1.0,0.9593750238418579,-1.0,-1.0,-1.0,1.0
-1.0,-1.0,-1.0,-1.0,-1.0,-1.0,-1.0,-1.0,1.0,-1.0,0.25,0.9111111164093018,-1.0,-1.0,-1.0,0.9750000238418579,-1.0,-1.0,-1.0,1.0
-1.0,-1.0,-1.0,-1.0,-1.0,-1.0,-1.0,-1.0,0.5,-1.0,0.20000000298023224,0.9111111164093018,-1.0,-1.0,-1.0,0.9293650984764099,-1.0,-1.0,-1.0,1.0
-1.0,-1.0,-1.0,-1.0,-1.0,-1.0,-1.0,-1.0,0.125,-1.0,1.0,1.0,-1.0,-1.0,-1.0,0.9472222328186035,-1.0,-1.0,-1.0,1.0
-1.0,-1.0,-1.0,-1.0,-1.0,-1.0,-1.0,-1.0,0.5,-1.0,0.125,1.0,-1.0,-1.0,-1.0,0.9861111044883728,-1.0,-1.0,-1.0,1.0
-1.0,-1.0,-1.0,-1.0,-1.0,-1.0,-1.0,-1.0,0.20000000298023224,-1.0,1.0,1.0,-1.0,-1.0,-1.0,0.9526289701461792,-1.0,-1.0,-1.0,1.0
-1.0,-1.0,-1.0,-1.0,-1.0,-1.0,-1.0,-1.0,0.3333333432674408,-1.0,1.0,1.0,-1.0,-1.0,-1.0,0.9704861044883728,-1.0,-1.0,-1.0,1.0
-1.0,-1.0,-1.0,-1.0,-1.0,-1.0,-1.0,-1.0,0.25,-1.0,1.0,1.0,-1.0,-1.0,-1.0,0.9593750238418579,-1.0,-1.0,-1.0,1.0
-1.0,-1.0,-1.0,-1.0,-1.0,-1.0,-1.0,-1.0,0.1111111119389534,-1.0,1.0,0.925000011920929,-1.0,-1.0,-1.0,0.8951388597488403,-1.0,-1.0,-1.0,1.0
-1.0,-1.0,-1.0,-1.0,-1.0,-1.0,-1.0,-1.0,0.3333333432674408,-1.0,0.5,1.0,-1.0,-1.0,-1.0,0.9206845164299011,-1.0,-1.0,-1.0,1.0
-1.0,-1.0,-1.0,-1.0,-1.0,-1.0,-1.0,-1.0,0.3333333432674408,-1.0,0.1666666716337204,1.0,-1.0,-1.0,-1.0,0.9861111044883728,-1.0,-1.0,-1.0,1.0
-1.0,-1.0,-1.0,-1.0,-1.0,-1.0,-1.0,-1.0,0.20000000298023224,-1.0,0.3333333432674408,1.0,-1.0,-1.0,-1.0,0.9526289701461792,-1.0,-1.0,-1.0,1.0
-1.0,-1.0,-1.0,-1.0,-1.0,-1.0,-1.0,-1.0,0.1111111119389534,-1.0,0.25,0.9111111164093018,-1.0,-1.0,-1.0,0.9159722328186035,-1.0,-1.0,-1.0,1.0
-1.0,-1.0,-1.0,-1.0,-1.0,-1.0,-1.0,-1.0,1.0,-1.0,0.1666666716337204,0.9428571462631226,-1.0,-1.0,-1.0,1.0,-1.0,-1.0,-1.0,1.0
-1.0,-1.0,-1.0,-1.0,-1.0,-1.0,-1.0,-1.0,0.1666666716337204,-1.0,0.3333333432674408,0.9666666388511658,-1.0,-1.0,-1.0,0.9704861044883728,-1.0,-1.0,-1.0,1.0
-1.0,-1.0,-1.0,-1.0,-1.0,-1.0,-1.0,-1.0,0.3333333432674408,-1.0,0.20000000298023224,1.0,-1.0,-1.0,-1.0,0.9159722328186035,-1.0,-1.0,-1.0,1.0
-1.0,-1.0,-1.0,-1.0,-1.0,-1.0,-1.0,-1.0,0.5,-1.0,0.25,1.0,-1.0,-1.0,-1.0,0.9861111044883728,-1.0,-1.0,-1.0,1.0
-1.0,-1.0,-1.0,-1.0,-1.0,-1.0,-1.0,-1.0,0.1111111119389534,-1.0,1.0,1.0,-1.0,-1.0,-1.0,0.9861111044883728,-1.0,-1.0,-1.0,1.0
-1.0,-1.0,-1.0,-1.0,-1.0,-1.0,-1.0,-1.0,0.25,-1.0,0.1666666716337204,1.0,-1.0,-1.0,-1.0,0.9593750238418579,-1.0,-1.0,-1.0,1.0
-1.0,-1.0,-1.0,-1.0,-1.0,-1.0,-1.0,-1.0,0.125,-1.0,0.5,1.0,-1.0,-1.0,-1.0,1.0,-1.0,-1.0,-1.0,1.0
-1.0,-1.0,-1.0,-1.0,-1.0,-1.0,-1.0,-1.0,0.25,-1.0,0.3333333432674408,0.9428571462631226,-1.0,-1.0,-1.0,0.9750000238418579,-1.0,-1.0,-1.0,1.0
-1.0,-1.0,-1.0,-1.0,-1.0,-1.0,-1.0,-1.0,1.0,-1.0,0.125,1.0,-1.0,-1.0,-1.0,0.9415178298950195,-1.0,-1.0,-1.0,1.0
-1.0,-1.0,-1.0,-1.0,-1.0,-1.0,-1.0,-1.0,0.25,-1.0,0.3333333432674408,1.0,-1.0,-1.0,-1.0,0.9472222328186035,-1.0,-1.0,-1.0,1.0
-1.0,-1.0,-1.0,-1.0,-1.0,-1.0,-1.0,-1.0,0.125,-1.0,0.20000000298023224,1.0,-1.0,-1.0,-1.0,1.0,-1.0,-1.0,-1.0,1.0
-1.0,-1.0,-1.0,-1.0,-1.0,-1.0,-1.0,-1.0,0.25,-1.0,0.1666666716337204,0.9111111164093018,-1.0,-1.0,-1.0,1.0,-1.0,-1.0,-1.0,1.0
-1.0,-1.0,-1.0,-1.0,-1.0,-1.0,-1.0,-1.0,0.5,-1.0,0.1111111119389534,0.9666666388511658,-1.0,-1.0,-1.0,0.8835317492485046,-1.0,-1.0,-1.0,1.0
-1.0,-1.0,-1.0,-1.0,-1.0,-1.0,-1.0,-1.0,0.1428571492433548,-1.0,1.0,1.0,-1.0,-1.0,-1.0,0.9526289701461792,-1.0,-1.0,-1.0,1.0
-1.0,-1.0,-1.0,-1.0,-1.0,-1.0,-1.0,-1.0,1.0,-1.0,1.0,1.0,-1.0,-1.0,-1.0,0.9861111044883728,-1.0,-1.0,-1.0,1.0
-1.0,-1.0,-1.0,-1.0,-1.0,-1.0,-1.0,-1.0,0.1428571492433548,-1.0,0.1666666716337204,0.9666666388511658,-1.0,-1.0,-1.0,0.9593750238418579,-1.0,-1.0,-1.0,1.0
-1.0,-1.0,-1.0,-1.0,-1.0,-1.0,-1.0,-1.0,0.3333333432674408,-1.0,1.0,1.0,-1.0,-1.0,-1.0,0.9415178298950195,-1.0,-1.0,-1.0,1.0
-1.0,-1.0,-1.0,-1.0,-1.0,-1.0,-1.0,-1.0,1.0,-1.0,0.1111111119389534,1.0,-1.0,-1.0,-1.0,0.9085317254066467,-1.0,-1.0,-1.0,1.0
-1.0,-1.0,-1.0,-1.0,-1.0,-1.0,-1.0,-1.0,1.0,-1.0,0.5,0.9666666388511658,-1.0,-1.0,-1.0,0.9861111044883728,-1.0,-1.0,-1.0,1.0
-1.0,-1.0,-1.0,-1.0,-1.0,-1.0,-1.0,-1.0,0.25,-1.0,0.25,1.0,-1.0,-1.0,-1.0,0.9472222328186035,-1.0,-1.0,-1.0,1.0
-1.0,-1.0,-1.0,-1.0,-1.0,-1.0,-1.0,-1.0,0.1111111119389534,-1.0,0.20000000298023224,1.0,-1.0,-1.0,-1.0,0.9085317254066467,-1.0,-1.0,-1.0,1.0
-1.0,-1.0,-1.0,-1.0,-1.0,-1.0,-1.0,-1.0,1.0,-1.0,0.25,0.9666666388511658,-1.0,-1.0,-1.0,0.8802579641342163,-1.0,-1.0,-1.0,1.0
-1.0,-1.0,-1.0,-1.0,-1.0,-1.0,-1.0,-1.0,0.25,-1.0,0.20000000298023224,1.0,-1.0,-1.0,-1.0,0.9593750238418579,-1.0,-1.0,-1.0,1.0
-1.0,-1.0,-1.0,-1.0,-1.0,-1.0,-1.0,-1.0,0.1428571492433548,-1.0,1.0,1.0,-1.0,-1.0,-1.0,0.9861111044883728,-1.0,-1.0,-1.0,1.0
-1.0,-1.0,-1.0,-1.0,-1.0,-1.0,-1.0,-1.0,0.1111111119389534,-1.0,0.5,1.0,-1.0,-1.0,-1.0,0.8240079283714294,-1.0,-1.0,-1.0,1.0
-1.0,-1.0,-1.0,-1.0,-1.0,-1.0,-1.0,-1.0,0.5,-1.0,0.1111111119389534,1.0,-1.0,-1.0,-1.0,0.9704861044883728,-1.0,-1.0,-1.0,1.0
-1.0,-1.0,-1.0,-1.0,-1.0,-1.0,-1.0,-1.0,0.5,-1.0,0.1666666716337204,0.9666666388511658,-1.0,-1.0,-1.0,0.9206845164299011,-1.0,-1.0,-1.0,1.0
-1.0,-1.0,-1.0,-1.0,-1.0,-1.0,-1.0,-1.0,0.3333333432674408,-1.0,0.1428571492433548,1.0,-1.0,-1.0,-1.0,0.9526289701461792,-1.0,-1.0,-1.0,1.0
-1.0,-1.0,-1.0,-1.0,-1.0,-1.0,-1.0,-1.0,0.25,-1.0,0.5,1.0,-1.0,-1.0,-1.0,0.9750000238418579,-1.0,-1.0,-1.0,1.0
-1.0,-1.0,-1.0,-1.0,-1.0,-1.0,-1.0,-1.0,0.125,-1.0,0.1111111119389534,0.9666666388511658,-1.0,-1.0,-1.0,0.9750000238418579,-1.0,-1.0,-1.0,1.0
-1.0,-1.0,-1.0,-1.0,-1.0,-1.0,-1.0,-1.0,0.25,-1.0,0.25,1.0,-1.0,-1.0,-1.0,0.9861111044883728,-1.0,-1.0,-1.0,1.0
-1.0,-1.0,-1.0,-1.0,-1.0,-1.0,-1.0,-1.0,0.3333333432674408,-1.0,0.5,1.0,-1.0,-1.0,-1.0,0.9861111044883728,-1.0,-1.0,-1.0,1.0
-1.0,-1.0,-1.0,-1.0,-1.0,-1.0,-1.0,-1.0,0.5,-1.0,0.25,1.0,-1.0,-1.0,-1.0,0.9526289701461792,-1.0,-1.0,-1.0,1.0
-1.0,-1.0,-1.0,-1.0,-1.0,-1.0,-1.0,-1.0,0.1666666716337204,-1.0,0.3333333432674408,1.0,-1.0,-1.0,-1.0,0.9861111044883728,-1.0,-1.0,-1.0,1.0
-1.0,-1.0,-1.0,-1.0,-1.0,-1.0,-1.0,-1.0,0.5,-1.0,0.1111111119389534,1.0,-1.0,-1.0,-1.0,0.9206845164299011,-1.0,-1.0,-1.0,1.0
-1.0,-1.0,-1.0,-1.0,-1.0,-1.0,-1.0,-1.0,0.25,-1.0,0.5,1.0,-1.0,-1.0,-1.0,0.9861111044883728,-1.0,-1.0,-1.0,1.0
-1.0,-1.0,-1.0,-1.0,-1.0,-1.0,-1.0,-1.0,0.1666666716337204,-1.0,0.3333333432674408,0.9666666388511658,-1.0,-1.0,-1.0,0.9593750238418579,-1.0,-1.0,-1.0,1.0
-1.0,-1.0,-1.0,-1.0,-1.0,-1.0,-1.0,-1.0,0.3333333432674408,-1.0,0.1111111119389534,0.9666666388511658,-1.0,-1.0,-1.0,0.9593750238418579,-1.0,-1.0,-1.0,1.0
-1.0,-1.0,-1.0,-1.0,-1.0,-1.0,-1.0,-1.0,1.0,-1.0,0.25,1.0,-1.0,-1.0,-1.0,0.9317956566810608,-1.0,-1.0,-1.0,1.0
-1.0,-1.0,-1.0,-1.0,-1.0,-1.0,-1.0,-1.0,0.25,-1.0,0.1666666716337204,1.0,-1.0,-1.0,-1.0,0.9415178298950195,-1.0,-1.0,-1.0,1.0
-1.0,-1.0,-1.0,-1.0,-1.0,-1.0,-1.0,-1.0,0.3333333432674408,-1.0,0.3333333432674408,0.9428571462631226,-1.0,-1.0,-1.0,1.0,-1.0,-1.0,-1.0,1.0
-1.0,-1.0,-1.0,-1.0,-1.0,-1.0,-1.0,-1.0,0.1428571492433548,-1.0,0.20000000298023224,1.0,-1.0,-1.0,-1.0,0.9067956209182739,-1.0,-1.0,-1.0,1.0
-1.0,-1.0,-1.0,-1.0,-1.0,-1.0,-1.0,-1.0,0.10000000149011612,-1.0,0.25,1.0,-1.0,-1.0,-1.0,0.9704861044883728,-1.0,-1.0,-1.0,1.0
-1.0,-1.0,-1.0,-1.0,-1.0,-1.0,-1.0,-1.0,0.20000000298023224,-1.0,0.125,1.0,-1.0,-1.0,-1.0,0.9750000238418579,-1.0,-1.0,-1.0,1.0
-1.0,-1.0,-1.0,-1.0,-1.0,-1.0,-1.0,-1.0,0.5,-1.0,0.1428571492433548,0.925000011920929,-1.0,-1.0,-1.0,0.9861111044883728,-1.0,-1.0,-1.0,1.0
-1.0,-1.0,-1.0,-1.0,-1.0,-1.0,-1.0,-1.0,0.5,-1.0,0.25,1.0,-1.0,-1.0,-1.0,0.9704861044883728,-1.0,-1.0,-1.0,1.0
