0.008403361774981022,0.03246124088764191,0.01785714365541935,-1.0,0.2516126334667206,-1.0,-1.0,0.015512462705373764,0.9827792048454285,-1.0,0.7508981823921204,-1.0,-1.0,-1.0,0.3495311737060547,0.08388224989175797,-1.0,0.016453184187412262,-1.0,0.03605956211686134
0.20000000298023224,0.06903091073036194,0.016393441706895828,-1.0,0.2793077528476715,-1.0,-1.0,0.022897807881236076,0.9732699990272522,-1.0,0.7534416317939758,-1.0,-1.0,-1.0,0.39547619223594666,0.10964569449424744,-1.0,0.04063903167843819,-1.0,0.0625249370932579
0.005988024175167084,0.04737606272101402,1.0,-1.0,0.4534667432308197,-1.0,-1.0,0.038974761962890625,0.9735880494117737,-1.0,0.7178378105163574,-1.0,-1.0,-1.0,0.3313596844673157,0.3856559693813324,-1.0,0.09590785950422287,-1.0,0.033021677285432816
0.03125,0.06541717797517776,1.0,-1.0,0.578397274017334,-1.0,-1.0,0.03499278426170349,0.9704667925834656,-1.0,0.7976089119911194,-1.0,-1.0,-1.0,0.33337849378585815,0.4211387038230896,-1.0,0.07290402799844742,-1.0,0.060689084231853485
0.10000000149011612,0.7602040767669678,0.125,-1.0,0.20920805633068085,-1.0,-1.0,0.06267576664686203,0.9648626446723938,-1.0,0.8204938769340515,-1.0,-1.0,-1.0,0.2598936855792999,0.10249035060405731,-1.0,0.013372434303164482,-1.0,0.06340111792087555
0.01785714365541935,0.8611111044883728,0.3333333432674408,-1.0,0.1572907716035843,-1.0,-1.0,0.06351078301668167,0.962047278881073,-1.0,0.8363791704177856,-1.0,-1.0,-1.0,0.22684945166110992,0.18340229988098145,-1.0,0.02016272023320198,-1.0,0.048686664551496506
0.3333333432674408,0.7569444179534912,1.0,-1.0,0.1697453260421753,-1.0,-1.0,0.03817567601799965,0.9698636531829834,-1.0,0.8692817687988281,-1.0,-1.0,-1.0,0.24302923679351807,0.06133073568344116,-1.0,0.021659547463059425,-1.0,0.05226950719952583
1.0,0.7749999761581421,0.25,-1.0,0.1354369819164276,-1.0,-1.0,0.09146759659051895,0.9690236449241638,-1.0,0.8688547015190125,-1.0,-1.0,-1.0,0.23207294940948486,0.05108516663312912,-1.0,0.032481566071510315,-1.0,0.06198009476065636
1.0,0.8269230723381042,1.0,-1.0,0.20528171956539154,-1.0,-1.0,0.09826284646987915,0.9714275002479553,-1.0,0.847344160079956,-1.0,-1.0,-1.0,0.32625168561935425,0.03561383858323097,-1.0,0.014533319510519505,-1.0,0.0497853085398674
1.0,0.7822580933570862,1.0,-1.0,0.2349548190832138,-1.0,-1.0,0.030917108058929443,0.978050947189331,-1.0,0.8744949102401733,-1.0,-1.0,-1.0,0.2445509135723114,0.03951697424054146,-1.0,0.014728394336998463,-1.0,0.035720258951187134
1.0,0.7777777910232544,1.0,-1.0,0.25769296288490295,-1.0,-1.0,0.04343166574835777,0.9854305982589722,-1.0,0.9035672545433044,-1.0,-1.0,-1.0,0.2856487035751343,0.03588812053203583,-1.0,0.019094111397862434,-1.0,0.029334794729948044
1.0,1.0,1.0,-1.0,0.24149636924266815,-1.0,-1.0,0.04207448661327362,0.9792234897613525,-1.0,0.9079616069793701,-1.0,-1.0,-1.0,0.2542833983898163,0.05364229902625084,-1.0,0.02862137369811535,-1.0,0.03360797092318535
1.0,0.8269230723381042,1.0,-1.0,0.34567758440971375,-1.0,-1.0,1.0,0.970493733882904,-1.0,0.8627597093582153,-1.0,-1.0,-1.0,0.3309098780155182,0.12938380241394043,-1.0,0.17115715146064758,-1.0,0.08154647052288055
1.0,0.8125,1.0,-1.0,0.5344038009643555,-1.0,-1.0,1.0,0.9884658455848694,-1.0,0.9095626473426819,-1.0,-1.0,-1.0,0.30879539251327515,0.23749175667762756,-1.0,0.09413649886846542,-1.0,0.23587509989738464
1.0,0.7777777910232544,0.006849315017461777,-1.0,0.7007009983062744,-1.0,-1.0,1.0,0.9883849620819092,-1.0,0.8989486694335938,-1.0,-1.0,-1.0,0.3873443901538849,0.21760986745357513,-1.0,0.3246951103210449,-1.0,0.11407532542943954
1.0,0.7699999809265137,1.0,-1.0,0.6346395015716553,-1.0,-1.0,1.0,0.9816173911094666,-1.0,0.9256778359413147,-1.0,-1.0,-1.0,0.31548771262168884,0.6330046057701111,-1.0,0.11577381193637848,-1.0,0.1915515661239624
1.0,0.875,0.025641025975346565,-1.0,0.6781129240989685,-1.0,-1.0,1.0,0.9811133742332458,-1.0,0.855014443397522,-1.0,-1.0,-1.0,0.313015341758728,0.43321770429611206,-1.0,0.11882802844047546,-1.0,0.25261178612709045
1.0,1.0,1.0,-1.0,0.638690173625946,-1.0,-1.0,1.0,0.9940760135650635,-1.0,0.8999372720718384,-1.0,-1.0,-1.0,0.2985823154449463,0.2642711400985718,-1.0,0.1365334838628769,-1.0,0.37214499711990356
1.0,0.8928571343421936,0.05000000074505806,-1.0,0.7670692801475525,-1.0,-1.0,1.0,0.9883186221122742,-1.0,0.9126455187797546,-1.0,-1.0,-1.0,0.35431426763534546,0.4677436649799347,-1.0,0.21529649198055267,-1.0,0.22200079262256622
1.0,1.0,1.0,-1.0,0.7836928367614746,-1.0,-1.0,1.0,0.9898954033851624,-1.0,0.9168511629104614,-1.0,-1.0,-1.0,0.30251190066337585,0.5821217894554138,-1.0,0.12940476834774017,-1.0,0.15443383157253265
1.0,0.79347825050354,1.0,-1.0,0.5876489281654358,-1.0,-1.0,1.0,0.986997663974762,-1.0,0.8544178605079651,-1.0,-1.0,-1.0,0.24205192923545837,0.4356008768081665,-1.0,0.15407134592533112,-1.0,0.37606215476989746
1.0,0.8928571343421936,1.0,-1.0,0.6939067244529724,-1.0,-1.0,1.0,0.9897507429122925,-1.0,0.9123948812484741,-1.0,-1.0,-1.0,0.26270395517349243,0.6368977427482605,-1.0,0.21190476417541504,-1.0,0.2662908434867859
1.0,0.8409090638160706,0.012820512987673283,-1.0,0.8006385564804077,-1.0,-1.0,1.0,0.9871500730514526,-1.0,0.9201386570930481,-1.0,-1.0,-1.0,0.32446348667144775,0.5035579800605774,-1.0,0.316628634929657,-1.0,0.26820892095565796
1.0,0.8409090638160706,1.0,-1.0,0.7298932075500488,-1.0,-1.0,1.0,0.9923973083496094,-1.0,0.9160256385803223,-1.0,-1.0,-1.0,0.23433348536491394,0.6006561517715454,-1.0,0.328399121761322,-1.0,0.2932106852531433
1.0,0.8928571343421936,0.3333333432674408,-1.0,0.764383852481842,-1.0,-1.0,1.0,0.994167685508728,-1.0,0.8726723194122314,-1.0,-1.0,-1.0,0.3146907389163971,0.7152826189994812,-1.0,0.2172619104385376,-1.0,0.2347649484872818
1.0,0.8928571343421936,1.0,-1.0,0.7205888628959656,-1.0,-1.0,1.0,0.990251898765564,-1.0,0.9163935780525208,-1.0,-1.0,-1.0,0.28477099537849426,0.6123552322387695,-1.0,0.3141315281391144,-1.0,0.44084545969963074
1.0,0.949999988079071,1.0,-1.0,0.6882284879684448,-1.0,-1.0,1.0,0.9913774132728577,-1.0,0.9201517105102539,-1.0,-1.0,-1.0,0.33346548676490784,0.6760066747665405,-1.0,0.3710317313671112,-1.0,0.38714689016342163
1.0,1.0,1.0,-1.0,0.8112180233001709,-1.0,-1.0,1.0,0.989791989326477,-1.0,0.9387838840484619,-1.0,-1.0,-1.0,0.3387840688228607,0.5569728016853333,-1.0,0.16936083137989044,-1.0,0.37363290786743164
1.0,1.0,1.0,-1.0,0.6834324598312378,-1.0,-1.0,1.0,0.9879913330078125,-1.0,0.9030599594116211,-1.0,-1.0,-1.0,0.3056301176548004,0.596040666103363,-1.0,0.11494576185941696,-1.0,0.5141937732696533
1.0,0.8611111044883728,0.0625,-1.0,0.7918176651000977,-1.0,-1.0,1.0,0.9892942309379578,-1.0,0.9186833500862122,-1.0,-1.0,-1.0,0.29838111996650696,0.42796140909194946,-1.0,0.17798912525177002,-1.0,0.16788065433502197
1.0,0.8269230723381042,0.07692307978868484,-1.0,0.7124142050743103,-1.0,-1.0,1.0,0.9896103143692017,-1.0,0.936078667640686,-1.0,-1.0,-1.0,0.31719857454299927,0.604916512966156,-1.0,0.5335184931755066,-1.0,0.4545864760875702
1.0,0.8333333134651184,1.0,-1.0,0.7739839553833008,-1.0,-1.0,1.0,0.9940435886383057,-1.0,0.9384605288505554,-1.0,-1.0,-1.0,0.3097385764122009,0.5121979117393494,-1.0,0.2201465219259262,-1.0,0.38159745931625366
1.0,1.0,0.014925372786819935,-1.0,0.6503835916519165,-1.0,-1.0,1.0,0.9933779835700989,-1.0,0.9033214449882507,-1.0,-1.0,-1.0,0.31103894114494324,0.5374915599822998,-1.0,0.05563591420650482,-1.0,0.2279587835073471
1.0,1.0,1.0,-1.0,0.7530989646911621,-1.0,-1.0,1.0,0.990415096282959,-1.0,0.9126350283622742,-1.0,-1.0,-1.0,0.3068543076515198,0.7226666808128357,-1.0,0.30634206533432007,-1.0,0.3027288019657135
1.0,0.7833333611488342,1.0,-1.0,0.8154283761978149,-1.0,-1.0,1.0,0.9837422370910645,-1.0,0.9327203035354614,-1.0,-1.0,-1.0,0.3699292242527008,0.7142534852027893,-1.0,0.07036429643630981,-1.0,0.4893612861633301
1.0,0.8500000238418579,1.0,-1.0,0.7887423634529114,-1.0,-1.0,1.0,0.9959865808486938,-1.0,0.9266179800033569,-1.0,-1.0,-1.0,0.3505660593509674,0.6963056325912476,-1.0,0.1893518567085266,-1.0,0.5091484785079956
1.0,0.9166666865348816,1.0,-1.0,0.7191397547721863,-1.0,-1.0,1.0,0.9736765623092651,-1.0,0.8921153545379639,-1.0,-1.0,-1.0,0.34728842973709106,0.46595558524131775,-1.0,0.08757057785987854,-1.0,0.32772159576416016
0.5,1.0,1.0,-1.0,0.7090203166007996,-1.0,-1.0,1.0,0.9938444495201111,-1.0,0.9084576368331909,-1.0,-1.0,-1.0,0.3666538596153259,0.6094990968704224,-1.0,0.1303732991218567,-1.0,0.17372846603393555
1.0,0.8166666626930237,1.0,-1.0,0.7298344373703003,-1.0,-1.0,1.0,0.9892057180404663,-1.0,0.916461169719696,-1.0,-1.0,-1.0,0.3339073657989502,0.5875768661499023,-1.0,0.3172161281108856,-1.0,0.22571642696857452
1.0,1.0,1.0,-1.0,0.7513907551765442,-1.0,-1.0,1.0,0.9933784604072571,-1.0,0.9210817217826843,-1.0,-1.0,-1.0,0.33443713188171387,0.8844117522239685,-1.0,0.4107142984867096,-1.0,0.2950195372104645
1.0,1.0,1.0,-1.0,0.708875298500061,-1.0,-1.0,1.0,0.9849821329116821,-1.0,0.8967567682266235,-1.0,-1.0,-1.0,0.3154222369194031,0.71807461977005,-1.0,0.33470696210861206,-1.0,0.26882296800613403
1.0,0.8611111044883728,0.024390242993831635,-1.0,0.7260690331459045,-1.0,-1.0,1.0,0.9920245409011841,-1.0,0.9100964665412903,-1.0,-1.0,-1.0,0.34157833456993103,0.5926281809806824,-1.0,0.3181818127632141,-1.0,0.3226490616798401
1.0,0.949999988079071,0.3333333432674408,-1.0,0.7677713632583618,-1.0,-1.0,1.0,0.991278350353241,-1.0,0.9259976744651794,-1.0,-1.0,-1.0,0.30913257598876953,0.48518073558807373,-1.0,0.2717532515525818,-1.0,0.19666126370429993
1.0,0.7803030014038086,1.0,-1.0,0.6969687938690186,-1.0,-1.0,0.9166666865348816,0.9967081546783447,-1.0,0.9278457164764404,-1.0,-1.0,-1.0,0.35811471939086914,0.675136923789978,-1.0,0.18645833432674408,-1.0,0.2935861051082611
1.0,0.7857142686843872,1.0,-1.0,0.7574312686920166,-1.0,-1.0,1.0,0.9861633777618408,-1.0,0.8969724774360657,-1.0,-1.0,-1.0,0.9351435303688049,0.533679187297821,-1.0,0.2883022725582123,-1.0,0.3490969240665436
1.0,1.0,1.0,-1.0,0.7103281617164612,-1.0,-1.0,0.7121211886405945,0.9889705777168274,-1.0,0.8925021886825562,-1.0,-1.0,-1.0,0.9501126408576965,0.5573197603225708,-1.0,0.09497351944446564,-1.0,0.46560508012771606
1.0,0.8928571343421936,0.014492753893136978,-1.0,0.795835018157959,-1.0,-1.0,0.9166666865348816,0.9899647831916809,-1.0,0.9203364849090576,-1.0,-1.0,-1.0,0.9339733719825745,0.6317797899246216,-1.0,0.10858242958784103,-1.0,0.49353742599487305
1.0,1.0,1.0,-1.0,0.7442750930786133,-1.0,-1.0,1.0,0.994531512260437,-1.0,0.9367287755012512,-1.0,-1.0,-1.0,0.9427317380905151,0.6052901148796082,-1.0,0.10029557347297668,-1.0,0.43986091017723083
1.0,0.875,0.03846153989434242,-1.0,0.7234270572662354,-1.0,-1.0,0.9166666865348816,0.9881079792976379,-1.0,0.8945094347000122,-1.0,-1.0,-1.0,0.9640271067619324,0.6592221856117249,-1.0,0.14145924150943756,-1.0,0.4482661783695221
1.0,1.0,1.0,-1.0,0.7563109993934631,-1.0,-1.0,1.0,0.9901925325393677,-1.0,0.8992192149162292,-1.0,-1.0,-1.0,0.9523946046829224,0.6418939232826233,-1.0,0.2233552634716034,-1.0,0.3635636568069458
1.0,0.7722222208976746,1.0,-1.0,0.7160075306892395,-1.0,-1.0,1.0,0.9905745387077332,-1.0,0.9155629873275757,-1.0,-1.0,-1.0,0.9491404891014099,0.6848241686820984,-1.0,0.20041140913963318,-1.0,0.27910783886909485
1.0,1.0,1.0,-1.0,0.7484877705574036,-1.0,-1.0,1.0,0.9945297837257385,-1.0,0.9309977293014526,-1.0,-1.0,-1.0,0.9704347848892212,0.7001082301139832,-1.0,0.3183627128601074,-1.0,0.3205263018608093
1.0,0.875,1.0,-1.0,0.7054383158683777,-1.0,-1.0,1.0,0.9891010522842407,-1.0,0.8869346380233765,-1.0,-1.0,-1.0,0.9504879713058472,0.7487004399299622,-1.0,0.06724561750888824,-1.0,0.2829018533229828
1.0,0.771276593208313,1.0,-1.0,0.6955714821815491,-1.0,-1.0,1.0,0.9913433194160461,-1.0,0.904141902923584,-1.0,-1.0,-1.0,0.9824219942092896,0.7507564425468445,-1.0,0.043282195925712585,-1.0,0.42977797985076904
1.0,0.7756410241127014,1.0,-1.0,0.7479392886161804,-1.0,-1.0,1.0,0.9892187714576721,-1.0,0.9190810322761536,-1.0,-1.0,-1.0,0.9703720808029175,0.5556502342224121,-1.0,0.08550972491502762,-1.0,0.33854836225509644
1.0,0.761904776096344,1.0,-1.0,0.726503849029541,-1.0,-1.0,1.0,0.994740903377533,-1.0,0.9212089776992798,-1.0,-1.0,-1.0,0.9757623076438904,0.751358687877655,-1.0,0.18141025304794312,-1.0,0.371119886636734
1.0,0.9166666865348816,0.1666666716337204,-1.0,0.740824818611145,-1.0,-1.0,1.0,0.9850305318832397,-1.0,0.8820079565048218,-1.0,-1.0,-1.0,0.9700081944465637,0.6660398840904236,-1.0,0.07392658293247223,-1.0,0.43053528666496277
1.0,0.875,1.0,-1.0,0.6860719323158264,-1.0,-1.0,1.0,0.9895289540290833,-1.0,0.8940113186836243,-1.0,-1.0,-1.0,0.9850823283195496,0.4480102062225342,-1.0,0.09546434134244919,-1.0,0.32594072818756104
1.0,0.949999988079071,1.0,-1.0,0.7435153722763062,-1.0,-1.0,1.0,0.9884941577911377,-1.0,0.9334554672241211,-1.0,-1.0,-1.0,0.9846581816673279,0.595130980014801,-1.0,0.04428290203213692,-1.0,0.36122068762779236
1.0,0.8166666626930237,1.0,-1.0,0.7392719388008118,-1.0,-1.0,1.0,0.990181028842926,-1.0,0.9124718904495239,-1.0,-1.0,-1.0,0.9859601259231567,0.503670871257782,-1.0,0.10900119692087173,-1.0,0.49585968255996704
1.0,0.7833333611488342,1.0,-1.0,0.600973904132843,-1.0,-1.0,1.0,0.9914749264717102,-1.0,0.8767110109329224,-1.0,-1.0,-1.0,0.9728684425354004,0.6591340899467468,-1.0,0.18953962624073029,-1.0,0.44259363412857056
1.0,0.8269230723381042,1.0,-1.0,0.7425608038902283,-1.0,-1.0,1.0,0.9894349575042725,-1.0,0.9427863955497742,-1.0,-1.0,-1.0,0.9644831418991089,0.777269721031189,-1.0,0.08770161122083664,-1.0,0.3083113729953766
1.0,0.949999988079071,1.0,-1.0,0.6343470811843872,-1.0,-1.0,1.0,0.9850475192070007,-1.0,0.9191064834594727,-1.0,-1.0,-1.0,0.9586922526359558,0.5216598510742188,-1.0,0.043316204100847244,-1.0,0.27483877539634705
1.0,0.8269230723381042,1.0,-1.0,0.747200071811676,-1.0,-1.0,1.0,0.9931965470314026,-1.0,0.9201531410217285,-1.0,-1.0,-1.0,0.9737974405288696,0.5294734239578247,-1.0,0.07339809089899063,-1.0,0.49871402978897095
1.0,1.0,1.0,-1.0,0.7374919056892395,-1.0,-1.0,1.0,0.9902735352516174,-1.0,0.8867855668067932,-1.0,-1.0,-1.0,0.9843204021453857,0.5299420356750488,-1.0,0.21851351857185364,-1.0,0.19034266471862793
1.0,0.8928571343421936,1.0,-1.0,0.6938804984092712,-1.0,-1.0,1.0,0.9888298511505127,-1.0,0.9245986342430115,-1.0,-1.0,-1.0,0.9720778465270996,0.5533206462860107,-1.0,0.19640567898750305,-1.0,0.34863966703414917
1.0,0.875,0.125,-1.0,0.7527422308921814,-1.0,-1.0,1.0,0.9918773770332336,-1.0,0.9237155914306641,-1.0,-1.0,-1.0,0.9609235525131226,0.6785997152328491,-1.0,0.07687333226203918,-1.0,0.25619351863861084
1.0,0.949999988079071,1.0,-1.0,0.7656605839729309,-1.0,-1.0,1.0,0.9868125319480896,-1.0,0.9293928742408752,-1.0,-1.0,-1.0,0.968755304813385,0.6977104544639587,-1.0,0.07815974950790405,-1.0,0.37394773960113525
1.0,0.8333333134651184,0.3333333432674408,-1.0,0.6953598856925964,-1.0,-1.0,1.0,0.9875202775001526,-1.0,0.9146314859390259,-1.0,-1.0,-1.0,0.9453790783882141,0.575639009475708,-1.0,0.18155677616596222,-1.0,0.35318025946617126
1.0,0.7678571343421936,1.0,-1.0,0.7283939123153687,-1.0,-1.0,1.0,0.9934730529785156,-1.0,0.9088082313537598,-1.0,-1.0,-1.0,0.9423309564590454,0.5528180599212646,-1.0,0.12953296303749084,-1.0,0.37886667251586914
1.0,0.9166666865348816,1.0,-1.0,0.8176258206367493,-1.0,-1.0,1.0,0.9950811266899109,-1.0,0.907576322555542,-1.0,-1.0,-1.0,0.9727779030799866,0.5215898752212524,-1.0,0.29667553305625916,-1.0,0.5000787973403931
1.0,0.8611111044883728,1.0,-1.0,0.774510383605957,-1.0,-1.0,1.0,0.9931082129478455,-1.0,0.921723484992981,-1.0,-1.0,-1.0,0.9655982255935669,0.7143589854240417,-1.0,0.10864179581403732,-1.0,0.3700200319290161
1.0,0.7743902206420898,0.02857142873108387,-1.0,0.7751657962799072,-1.0,-1.0,1.0,0.9931460022926331,-1.0,0.9043295383453369,-1.0,-1.0,-1.0,0.9825025200843811,0.4293855130672455,-1.0,0.3034420311450958,-1.0,0.18199655413627625
1.0,0.949999988079071,1.0,-1.0,0.7569949626922607,-1.0,-1.0,1.0,0.9919134974479675,-1.0,0.9044635891914368,-1.0,-1.0,-1.0,0.9729198813438416,0.7258236408233643,-1.0,0.35555556416511536,-1.0,0.40046942234039307
1.0,0.7609890103340149,1.0,-1.0,0.7045000195503235,-1.0,-1.0,1.0,0.9915289878845215,-1.0,0.9137564897537231,-1.0,-1.0,-1.0,0.9819914698600769,0.5452240705490112,-1.0,0.08055856078863144,-1.0,0.3475390672683716
1.0,0.7822580933570862,1.0,-1.0,0.7436604499816895,-1.0,-1.0,1.0,0.9912371635437012,-1.0,0.9206345677375793,-1.0,-1.0,-1.0,0.9646711945533752,0.5166705846786499,-1.0,0.0897248387336731,-1.0,0.5348748564720154
1.0,1.0,1.0,-1.0,0.7484464645385742,-1.0,-1.0,1.0,0.9859459400177002,-1.0,0.8713797926902771,-1.0,-1.0,-1.0,0.9781273603439331,0.863807737827301,-1.0,0.18564213812351227,-1.0,0.47143614292144775
1.0,0.7976190447807312,0.02631578966975212,-1.0,0.7043182253837585,-1.0,-1.0,1.0,0.9845229983329773,-1.0,0.9196829795837402,-1.0,-1.0,-1.0,0.9682000875473022,0.6677915453910828,-1.0,0.19065657258033752,-1.0,0.2745600938796997
1.0,0.7900000214576721,1.0,-1.0,0.7724558115005493,-1.0,-1.0,1.0,0.9912638664245605,-1.0,0.9106879830360413,-1.0,-1.0,-1.0,0.963570773601532,0.5613324046134949,-1.0,0.14985135197639465,-1.0,0.5454957485198975
1.0,1.0,0.0625,-1.0,0.7849124670028687,-1.0,-1.0,1.0,0.990768313407898,-1.0,0.9066102504730225,-1.0,-1.0,-1.0,0.9737931489944458,0.6328649520874023,-1.0,0.13121211528778076,-1.0,0.5809524059295654
1.0,0.8333333134651184,1.0,-1.0,0.6801082491874695,-1.0,-1.0,1.0,0.9869707226753235,-1.0,0.8872159719467163,-1.0,-1.0,-1.0,0.9819825291633606,0.38520440459251404,-1.0,0.20188008248806,-1.0,0.5144961476325989
1.0,0.8088235259056091,0.3333333432674408,-1.0,0.772386372089386,-1.0,-1.0,1.0,0.9917301535606384,-1.0,0.9091342687606812,-1.0,-1.0,-1.0,0.966343343257904,0.6547287702560425,-1.0,0.08567506819963455,-1.0,0.4494437575340271
1.0,0.8928571343421936,1.0,-1.0,0.777511715888977,-1.0,-1.0,1.0,0.9854241013526917,-1.0,0.9110066890716553,-1.0,-1.0,-1.0,0.9709967374801636,0.5683062672615051,-1.0,0.09682704508304596,-1.0,0.37308716773986816
1.0,0.8269230723381042,1.0,-1.0,0.7390682697296143,-1.0,-1.0,1.0,0.9907506704330444,-1.0,0.9002459645271301,-1.0,-1.0,-1.0,0.9673784375190735,0.6166960000991821,-1.0,0.11933428794145584,-1.0,0.23682573437690735
1.0,0.8928571343421936,1.0,-1.0,0.7124560475349426,-1.0,-1.0,1.0,0.9891515970230103,-1.0,0.8892870545387268,-1.0,-1.0,-1.0,0.9746475219726562,0.6258404850959778,-1.0,0.131978377699852,-1.0,0.31835493445396423
1.0,0.8166666626930237,1.0,-1.0,0.6838100552558899,-1.0,-1.0,1.0,0.9776644706726074,-1.0,0.9121713042259216,-1.0,-1.0,-1.0,0.9461597800254822,0.5396485924720764,-1.0,0.10771916061639786,-1.0,0.28571224212646484
1.0,1.0,1.0,-1.0,0.6849186420440674,-1.0,-1.0,1.0,0.9913355112075806,-1.0,0.9193282723426819,-1.0,-1.0,-1.0,0.9799782633781433,0.7013407349586487,-1.0,0.22526729106903076,-1.0,0.5200769901275635
1.0,0.7696078419685364,1.0,-1.0,0.7997995615005493,-1.0,-1.0,1.0,0.9853845238685608,-1.0,0.9334537386894226,-1.0,-1.0,-1.0,0.9793817400932312,0.6261478066444397,-1.0,0.052921731024980545,-1.0,0.4599272310733795
1.0,0.7777777910232544,1.0,-1.0,0.729301929473877,-1.0,-1.0,1.0,0.9810169339179993,-1.0,0.885530412197113,-1.0,-1.0,-1.0,0.9514540433883667,0.4881977438926697,-1.0,0.1568177491426468,-1.0,0.42914631962776184
1.0,0.7884615659713745,1.0,-1.0,0.6913419961929321,-1.0,-1.0,1.0,0.9863539934158325,-1.0,0.915786862373352,-1.0,-1.0,-1.0,0.9727901816368103,0.8060317635536194,-1.0,0.08386904746294022,-1.0,0.4544277489185333
1.0,0.8055555820465088,1.0,-1.0,0.7314392328262329,-1.0,-1.0,1.0,0.9898661971092224,-1.0,0.9343822598457336,-1.0,-1.0,-1.0,0.9420390725135803,0.6789023876190186,-1.0,0.1288338303565979,-1.0,0.35992154479026794
1.0,1.0,0.04545454680919647,-1.0,0.7469468116760254,-1.0,-1.0,1.0,0.9917605519294739,-1.0,0.917699933052063,-1.0,-1.0,-1.0,0.9625456929206848,0.5702751278877258,-1.0,0.1294563263654709,-1.0,0.36583441495895386
1.0,0.7696078419685364,0.0625,-1.0,0.7178512811660767,-1.0,-1.0,1.0,0.9817986488342285,-1.0,0.9132329225540161,-1.0,-1.0,-1.0,0.9751924276351929,0.6867669820785522,-1.0,0.21447882056236267,-1.0,0.3846222758293152
1.0,1.0,1.0,-1.0,0.7335830330848694,-1.0,-1.0,1.0,0.9884049892425537,-1.0,0.9070134162902832,-1.0,-1.0,-1.0,0.9780223965644836,0.6081926226615906,-1.0,0.059189584106206894,-1.0,0.2922021448612213
1.0,0.9166666865348816,0.0555555559694767,-1.0,0.7926250696182251,-1.0,-1.0,1.0,0.9921346306800842,-1.0,0.9290968179702759,-1.0,-1.0,-1.0,0.9623117446899414,0.5805373191833496,-1.0,0.09598135203123093,-1.0,0.47094792127609253
1.0,0.8928571343421936,0.022727273404598236,-1.0,0.7524381875991821,-1.0,-1.0,1.0,0.985654890537262,-1.0,0.9210731387138367,-1.0,-1.0,-1.0,0.9598098993301392,0.5198849439620972,-1.0,0.14767079055309296,-1.0,0.46836045384407043
1.0,0.949999988079071,0.10000000149011612,-1.0,0.7202433347702026,-1.0,-1.0,1.0,0.9870837330818176,-1.0,0.9030471444129944,-1.0,-1.0,-1.0,0.9742493629455566,0.5490659475326538,-1.0,0.4094478189945221,-1.0,0.5099122524261475
1.0,0.8409090638160706,1.0,-1.0,0.7589846253395081,-1.0,-1.0,1.0,0.9808034896850586,-1.0,0.9253824949264526,-1.0,-1.0,-1.0,0.9730939865112305,0.7227185964584351,-1.0,0.10992986708879471,-1.0,0.34720635414123535
1.0,0.7884615659713745,1.0,-1.0,0.729000449180603,-1.0,-1.0,1.0,0.9889249801635742,-1.0,0.9247432351112366,-1.0,-1.0,-1.0,0.9879924058914185,0.6423901319503784,-1.0,0.1632799655199051,-1.0,0.344357430934906
0.5,0.8214285969734192,1.0,-1.0,0.6979943513870239,-1.0,-1.0,1.0,0.9871260523796082,-1.0,0.9113661050796509,-1.0,-1.0,-1.0,0.9687901139259338,0.8102777600288391,-1.0,0.1825980395078659,-1.0,0.29811379313468933
1.0,0.771276593208313,0.0476190485060215,-1.0,0.6855128407478333,-1.0,-1.0,0.9166666865348816,0.9892745614051819,-1.0,0.885409414768219,-1.0,-1.0,-1.0,0.9730645418167114,0.5305048227310181,-1.0,0.19865922629833221,-1.0,0.6014881134033203
1.0,0.8125,0.05882352963089943,-1.0,0.7655237913131714,-1.0,-1.0,1.0,0.9906737804412842,-1.0,0.900102436542511,-1.0,-1.0,-1.0,0.9695057272911072,0.7945637702941895,-1.0,0.16715247929096222,-1.0,0.27157461643218994
1.0,0.8269230723381042,1.0,-1.0,0.7258136868476868,-1.0,-1.0,1.0,0.9909248352050781,-1.0,0.9192457795143127,-1.0,-1.0,-1.0,0.9810548424720764,0.42944470047950745,-1.0,0.1564379632472992,-1.0,0.41060563921928406
1.0,0.9166666865348816,1.0,-1.0,0.7367169857025146,-1.0,-1.0,1.0,0.9912674427032471,-1.0,0.9255245923995972,-1.0,-1.0,-1.0,0.9548414349555969,0.5902705192565918,-1.0,0.10149572789669037,-1.0,0.46800288558006287
1.0,0.78125,1.0,-1.0,0.7029439210891724,-1.0,-1.0,1.0,0.9823518991470337,-1.0,0.8783077597618103,-1.0,-1.0,-1.0,0.9842053651809692,0.6024320125579834,-1.0,0.25631314516067505,-1.0,0.2114424854516983
1.0,0.9166666865348816,0.010638297535479069,-1.0,0.7214012145996094,-1.0,-1.0,1.0,0.9874120354652405,-1.0,0.8907382488250732,-1.0,-1.0,-1.0,0.9743771553039551,0.5829099416732788,-1.0,0.13096831738948822,-1.0,0.44869285821914673
1.0,0.7595238089561462,0.027027027681469917,-1.0,0.7639074325561523,-1.0,-1.0,1.0,0.9901565313339233,-1.0,0.9115965366363525,-1.0,-1.0,-1.0,0.9753843545913696,0.6782190799713135,-1.0,0.180402934551239,-1.0,0.1455104947090149
1.0,1.0,0.015384615398943424,-1.0,0.7464755177497864,-1.0,-1.0,1.0,0.9914724230766296,-1.0,0.9194443821907043,-1.0,-1.0,-1.0,0.9785009026527405,0.5384894013404846,-1.0,0.2642156779766083,-1.0,0.42699721455574036
1.0,0.8928571343421936,0.0625,-1.0,0.7449996471405029,-1.0,-1.0,1.0,0.9905101656913757,-1.0,0.8705703020095825,-1.0,-1.0,-1.0,0.978013277053833,0.5986947417259216,-1.0,0.31554487347602844,-1.0,0.46913206577301025
1.0,1.0,0.0555555559694767,-1.0,0.7306678891181946,-1.0,-1.0,1.0,0.9921095967292786,-1.0,0.8995599746704102,-1.0,-1.0,-1.0,0.9647127985954285,0.653800368309021,-1.0,0.1562625765800476,-1.0,0.42754265666007996
1.0,0.77173912525177,0.1666666716337204,-1.0,0.7546249628067017,-1.0,-1.0,1.0,0.9788525700569153,-1.0,0.921604335308075,-1.0,-1.0,-1.0,0.9907946586608887,0.7149931192398071,-1.0,0.2828703820705414,-1.0,0.4635176658630371
1.0,0.78125,1.0,-1.0,0.7590473294258118,-1.0,-1.0,0.6845238208770752,0.9913040399551392,-1.0,0.9141937494277954,-1.0,-1.0,-1.0,0.9782106876373291,0.6339804530143738,-1.0,0.4118589758872986,-1.0,0.38965508341789246
1.0,0.7976190447807312,1.0,-1.0,0.7926703691482544,-1.0,-1.0,1.0,0.9836434125900269,-1.0,0.8729385137557983,-1.0,-1.0,-1.0,0.9843197464942932,0.5696597695350647,-1.0,0.37899306416511536,-1.0,0.41545405983924866
1.0,0.949999988079071,1.0,-1.0,0.7211522459983826,-1.0,-1.0,1.0,0.9846314787864685,-1.0,0.9066175818443298,-1.0,-1.0,-1.0,0.9884259104728699,0.7105146050453186,-1.0,0.1822119504213333,-1.0,0.23957113921642303
1.0,0.8166666626930237,0.09090909361839294,-1.0,0.751504123210907,-1.0,-1.0,1.0,0.9886868596076965,-1.0,0.8977185487747192,-1.0,-1.0,-1.0,0.9768666625022888,0.6475507616996765,-1.0,0.21042218804359436,-1.0,0.17689146101474762
1.0,0.8928571343421936,1.0,-1.0,0.7154255509376526,-1.0,-1.0,1.0,0.9881073236465454,-1.0,0.9134032726287842,-1.0,-1.0,-1.0,0.9710755944252014,0.7226265668869019,-1.0,0.17446747422218323,-1.0,0.17817792296409607
1.0,0.7669491767883301,0.5,-1.0,0.7050855755805969,-1.0,-1.0,1.0,0.9907500147819519,-1.0,0.8733555674552917,-1.0,-1.0,-1.0,0.9652529358863831,0.5123648643493652,-1.0,0.15307383239269257,-1.0,0.19565129280090332
1.0,0.7722222208976746,1.0,-1.0,0.7285538911819458,-1.0,-1.0,1.0,0.9856798052787781,-1.0,0.9037812948226929,-1.0,-1.0,-1.0,0.9860240817070007,0.6289784908294678,-1.0,0.09626524150371552,-1.0,0.423208624124527
1.0,1.0,1.0,-1.0,0.7883082032203674,-1.0,-1.0,1.0,0.9911047220230103,-1.0,0.9139322638511658,-1.0,-1.0,-1.0,0.9820185303688049,0.6781720519065857,-1.0,0.06662332266569138,-1.0,0.30049949884414673
1.0,0.7870370149612427,1.0,-1.0,0.7647361159324646,-1.0,-1.0,1.0,0.9904612898826599,-1.0,0.9024369716644287,-1.0,-1.0,-1.0,0.9823520183563232,0.5393162965774536,-1.0,0.4239020347595215,-1.0,0.4268469512462616
1.0,0.875,0.1428571492433548,-1.0,0.7376549243927002,-1.0,-1.0,1.0,0.9896005988121033,-1.0,0.8782439827919006,-1.0,-1.0,-1.0,0.9798235297203064,0.39739421010017395,-1.0,0.4079747796058655,-1.0,0.294730544090271
1.0,0.7704081535339355,1.0,-1.0,0.7464620471000671,-1.0,-1.0,1.0,0.9885472059249878,-1.0,0.8892127871513367,-1.0,-1.0,-1.0,0.9579384326934814,0.6552780270576477,-1.0,0.25363409519195557,-1.0,0.6878401637077332
1.0,0.7727272510528564,0.09090909361839294,-1.0,0.7252506017684937,-1.0,-1.0,1.0,0.9926460385322571,-1.0,0.896973192691803,-1.0,-1.0,-1.0,0.979936957359314,0.3466029167175293,-1.0,0.13118614256381989,-1.0,0.3013857901096344
1.0,0.7870370149612427,1.0,-1.0,0.6859448552131653,-1.0,-1.0,1.0,0.9932752847671509,-1.0,0.9120538234710693,-1.0,-1.0,-1.0,0.9708577990531921,0.4879375696182251,-1.0,0.18508456647396088,-1.0,0.4908578395843506
1.0,0.9166666865348816,1.0,-1.0,0.686505913734436,-1.0,-1.0,1.0,0.9918009638786316,-1.0,0.8694522380828857,-1.0,-1.0,-1.0,0.9583398103713989,0.5655158758163452,-1.0,0.3614247441291809,-1.0,0.3043566644191742
1.0,0.7976190447807312,1.0,-1.0,0.7270411252975464,-1.0,-1.0,1.0,0.9911578893661499,-1.0,0.8971739411354065,-1.0,-1.0,-1.0,0.9783053398132324,0.42788153886795044,-1.0,0.4124434292316437,-1.0,0.24512457847595215
1.0,0.7574626803398132,1.0,-1.0,0.7347908616065979,-1.0,-1.0,1.0,0.9835183024406433,-1.0,0.9190003275871277,-1.0,-1.0,-1.0,0.9623764753341675,0.5449521541595459,-1.0,0.3583333194255829,-1.0,0.1515997350215912
1.0,0.8611111044883728,1.0,-1.0,0.7199051976203918,-1.0,-1.0,1.0,0.99164879322052,-1.0,0.9123619794845581,-1.0,-1.0,-1.0,0.9761509895324707,0.46374550461769104,-1.0,0.19983789324760437,-1.0,0.49332529306411743
1.0,0.779411792755127,0.20000000298023224,-1.0,0.718498706817627,-1.0,-1.0,1.0,0.9886088967323303,-1.0,0.8993093967437744,-1.0,-1.0,-1.0,0.9772788882255554,0.751400351524353,-1.0,0.13748115301132202,-1.0,0.3954402804374695
1.0,0.7976190447807312,1.0,-1.0,0.6768547892570496,-1.0,-1.0,1.0,0.9892908930778503,-1.0,0.897901177406311,-1.0,-1.0,-1.0,0.9795158505439758,0.5981124043464661,-1.0,0.09031125903129578,-1.0,0.33384034037590027
1.0,0.7681818008422852,1.0,-1.0,0.781137228012085,-1.0,-1.0,1.0,0.991232693195343,-1.0,0.9152937531471252,-1.0,-1.0,-1.0,0.9741495847702026,0.6296420097351074,-1.0,0.15342052280902863,-1.0,0.2910671532154083
1.0,0.779411792755127,1.0,-1.0,0.7445862889289856,-1.0,-1.0,1.0,0.9904638528823853,-1.0,0.8924749493598938,-1.0,-1.0,-1.0,0.9884943962097168,0.705777108669281,-1.0,0.12486471980810165,-1.0,0.556103527545929
1.0,0.8333333134651184,1.0,-1.0,0.6484288573265076,-1.0,-1.0,1.0,0.9864824414253235,-1.0,0.8969755172729492,-1.0,-1.0,-1.0,0.9688849449157715,0.6922490000724792,-1.0,0.15063676238059998,-1.0,0.520499587059021
1.0,0.7803030014038086,1.0,-1.0,0.7811034917831421,-1.0,-1.0,1.0,0.986136794090271,-1.0,0.9053225517272949,-1.0,-1.0,-1.0,0.9709944725036621,0.7137130498886108,-1.0,0.1285751461982727,-1.0,0.5501062273979187
1.0,1.0,1.0,-1.0,0.7837051153182983,-1.0,-1.0,1.0,0.9904187917709351,-1.0,0.9041954874992371,-1.0,-1.0,-1.0,0.9776014089584351,0.34607356786727905,-1.0,0.23279570043087006,-1.0,0.3324918746948242
1.0,0.7976190447807312,1.0,-1.0,0.7714898586273193,-1.0,-1.0,1.0,0.9920204281806946,-1.0,0.9172647595405579,-1.0,-1.0,-1.0,0.9726089239120483,0.6091257929801941,-1.0,0.1593329906463623,-1.0,0.38601768016815186
1.0,0.8611111044883728,1.0,-1.0,0.7252644300460815,-1.0,-1.0,1.0,0.9877223968505859,-1.0,0.8821535110473633,-1.0,-1.0,-1.0,0.9721943736076355,0.8558006286621094,-1.0,0.210317462682724,-1.0,0.3260018825531006
1.0,0.7844827771186829,1.0,-1.0,0.6974595189094543,-1.0,-1.0,1.0,0.986854076385498,-1.0,0.8874339461326599,-1.0,-1.0,-1.0,0.9586527347564697,0.6912286877632141,-1.0,0.41367244720458984,-1.0,0.2899462878704071
1.0,0.949999988079071,1.0,-1.0,0.6834423542022705,-1.0,-1.0,1.0,0.9888476729393005,-1.0,0.9142151474952698,-1.0,-1.0,-1.0,0.9579594731330872,0.5602501630783081,-1.0,0.10148321092128754,-1.0,0.2557212710380554
1.0,0.8928571343421936,1.0,-1.0,0.7370904088020325,-1.0,-1.0,1.0,0.9865978360176086,-1.0,0.9116056561470032,-1.0,-1.0,-1.0,0.9730031490325928,0.4406265616416931,-1.0,0.34087300300598145,-1.0,0.3429763615131378
1.0,0.800000011920929,1.0,-1.0,0.7262015342712402,-1.0,-1.0,1.0,0.9856047034263611,-1.0,0.8830353021621704,-1.0,-1.0,-1.0,0.9547532796859741,0.46962279081344604,-1.0,0.11079523712396622,-1.0,0.4246326982975006
1.0,0.7580645084381104,1.0,-1.0,0.6184465289115906,-1.0,-1.0,1.0,0.99076908826828,-1.0,0.9066585302352905,-1.0,-1.0,-1.0,0.9607666730880737,0.597642183303833,-1.0,0.051518335938453674,-1.0,0.3487338125705719
1.0,0.7649253606796265,1.0,-1.0,0.7894365787506104,-1.0,-1.0,1.0,0.981640636920929,-1.0,0.9091859459877014,-1.0,-1.0,-1.0,0.9672725796699524,0.483843594789505,-1.0,0.08897087723016739,-1.0,0.2726844549179077
1.0,0.7675438523292542,1.0,-1.0,0.7212855219841003,-1.0,-1.0,1.0,0.9891644716262817,-1.0,0.9081798791885376,-1.0,-1.0,-1.0,0.9976453185081482,0.6844522356987,-1.0,0.19179293513298035,-1.0,0.17839467525482178
1.0,0.800000011920929,1.0,-1.0,0.728225588798523,-1.0,-1.0,1.0,0.9840357303619385,-1.0,0.9093278050422668,-1.0,-1.0,-1.0,0.9722607731819153,0.5697664022445679,-1.0,0.12290043383836746,-1.0,0.1657201647758484
1.0,0.7663934230804443,1.0,-1.0,0.6665478944778442,-1.0,-1.0,1.0,0.9890747666358948,-1.0,0.8815553188323975,-1.0,-1.0,-1.0,0.9514163732528687,0.5744779109954834,-1.0,0.2181372493505478,-1.0,0.45760026574134827
1.0,0.8166666626930237,1.0,-1.0,0.7087063193321228,-1.0,-1.0,1.0,0.9912833571434021,-1.0,0.9134082198143005,-1.0,-1.0,-1.0,0.9670664668083191,0.6420043110847473,-1.0,0.25256410241127014,-1.0,0.464668869972229
0.5,0.7635135054588318,1.0,-1.0,0.622445821762085,-1.0,-1.0,1.0,0.984490692615509,-1.0,0.9278247356414795,-1.0,-1.0,-1.0,0.9908861517906189,0.5755922198295593,-1.0,0.21933132410049438,-1.0,0.62748783826828
1.0,0.8333333134651184,1.0,-1.0,0.7087310552597046,-1.0,-1.0,0.9166666865348816,0.9881335496902466,-1.0,0.87819904088974,-1.0,-1.0,-1.0,0.9914723634719849,0.5221532583236694,-1.0,0.20144230127334595,-1.0,0.37094053626060486
1.0,0.875,1.0,-1.0,0.778763473033905,-1.0,-1.0,0.9166666865348816,0.9819209575653076,-1.0,0.863854169845581,-1.0,-1.0,-1.0,0.9629586338996887,0.5019327998161316,-1.0,0.39239928126335144,-1.0,0.3281220495700836
1.0,0.765625,1.0,-1.0,0.7784385681152344,-1.0,-1.0,1.0,0.9924280047416687,-1.0,0.9131788015365601,-1.0,-1.0,-1.0,0.9742826819419861,0.558266282081604,-1.0,0.19458255171775818,-1.0,0.5341991186141968
1.0,0.875,1.0,-1.0,0.7311623692512512,-1.0,-1.0,1.0,0.9937852025032043,-1.0,0.9131034016609192,-1.0,-1.0,-1.0,0.9836618304252625,0.6132283210754395,-1.0,0.1809232085943222,-1.0,0.5518268346786499
0.5,0.949999988079071,1.0,-1.0,0.772621214389801,-1.0,-1.0,1.0,0.9797639846801758,-1.0,0.9002145528793335,-1.0,-1.0,-1.0,0.9834387898445129,0.5725378394126892,-1.0,0.07687530666589737,-1.0,0.3003471791744232
1.0,0.8269230723381042,0.05882352963089943,-1.0,0.7170627117156982,-1.0,-1.0,1.0,0.9898194670677185,-1.0,0.8921068906784058,-1.0,-1.0,-1.0,0.9775420427322388,0.709943950176239,-1.0,0.1505078226327896,-1.0,0.533760666847229
1.0,0.7598039507865906,0.03846153989434242,-1.0,0.7263911962509155,-1.0,-1.0,1.0,0.9932701587677002,-1.0,0.8947484493255615,-1.0,-1.0,-1.0,0.978094756603241,0.7270419597625732,-1.0,0.11113552749156952,-1.0,0.27373364567756653
1.0,0.8611111044883728,1.0,-1.0,0.7141854763031006,-1.0,-1.0,0.6775362491607666,0.9944961071014404,-1.0,0.8986461758613586,-1.0,-1.0,-1.0,0.9781792163848877,0.5635547637939453,-1.0,0.12915940582752228,-1.0,0.5920082926750183
0.5,0.8928571343421936,0.05000000074505806,-1.0,0.7295835018157959,-1.0,-1.0,1.0,0.983475923538208,-1.0,0.8791065812110901,-1.0,-1.0,-1.0,0.9887245297431946,0.41168418526649475,-1.0,0.4140844941139221,-1.0,0.46881937980651855
0.5,0.7884615659713745,1.0,-1.0,0.6748558878898621,-1.0,-1.0,1.0,0.9933282732963562,-1.0,0.9040515422821045,-1.0,-1.0,-1.0,0.9831857085227966,0.8169082403182983,-1.0,0.17730553448200226,-1.0,0.14555200934410095
1.0,0.8928571343421936,1.0,-1.0,0.7903446555137634,-1.0,-1.0,1.0,0.9901095628738403,-1.0,0.9027589559555054,-1.0,-1.0,-1.0,0.987795352935791,0.6689145565032959,-1.0,0.12175652384757996,-1.0,0.4121762216091156
1.0,0.8214285969734192,1.0,-1.0,0.6567350625991821,-1.0,-1.0,1.0,0.9839051961898804,-1.0,0.9230566620826721,-1.0,-1.0,-1.0,0.964760422706604,0.5928436517715454,-1.0,0.12481258809566498,-1.0,0.52260822057724
1.0,1.0,0.1111111119389534,-1.0,0.6627275347709656,-1.0,-1.0,1.0,0.9835347533226013,-1.0,0.8854285478591919,-1.0,-1.0,-1.0,0.977849543094635,0.6130627989768982,-1.0,0.21666666865348816,-1.0,0.3764081597328186
1.0,0.7732558250427246,0.0625,-1.0,0.7821691036224365,-1.0,-1.0,1.0,0.9922872185707092,-1.0,0.9068769812583923,-1.0,-1.0,-1.0,0.9711594581604004,0.6492300033569336,-1.0,0.3870748281478882,-1.0,0.3959203362464905
1.0,0.875,1.0,-1.0,0.7297613024711609,-1.0,-1.0,0.8095238208770752,0.9908420443534851,-1.0,0.9153786301612854,-1.0,-1.0,-1.0,0.9620034694671631,0.509788453578949,-1.0,0.11257581412792206,-1.0,0.3934999108314514
1.0,1.0,1.0,-1.0,0.7204340696334839,-1.0,-1.0,1.0,0.9811808466911316,-1.0,0.9041755795478821,-1.0,-1.0,-1.0,0.961112380027771,0.5539148449897766,-1.0,0.33149510622024536,-1.0,0.24273452162742615
1.0,0.7763158082962036,0.07692307978868484,-1.0,0.6754773259162903,-1.0,-1.0,1.0,0.9840300679206848,-1.0,0.9031297564506531,-1.0,-1.0,-1.0,0.9696903824806213,0.4895073175430298,-1.0,0.11616784334182739,-1.0,0.28454211354255676
1.0,0.760869562625885,0.0833333358168602,-1.0,0.7611649036407471,-1.0,-1.0,1.0,0.9870094060897827,-1.0,0.893118679523468,-1.0,-1.0,-1.0,0.9663280844688416,0.6748999357223511,-1.0,0.41904762387275696,-1.0,0.19417446851730347
0.5,0.7749999761581421,1.0,-1.0,0.6990901827812195,-1.0,-1.0,1.0,0.9875736832618713,-1.0,0.8999476432800293,-1.0,-1.0,-1.0,0.9732098579406738,0.5372693538665771,-1.0,0.17908497154712677,-1.0,0.31836315989494324
1.0,0.800000011920929,1.0,-1.0,0.6590046882629395,-1.0,-1.0,1.0,0.991915762424469,-1.0,0.8973068594932556,-1.0,-1.0,-1.0,0.9764168858528137,0.5236565470695496,-1.0,0.20368725061416626,-1.0,0.2632347047328949
1.0,0.8088235259056091,0.03846153989434242,-1.0,0.7010749578475952,-1.0,-1.0,1.0,0.9886767864227295,-1.0,0.9096122980117798,-1.0,-1.0,-1.0,0.9780770540237427,0.6102409362792969,-1.0,0.22202381491661072,-1.0,0.4865065813064575
1.0,0.9166666865348816,1.0,-1.0,0.6681520342826843,-1.0,-1.0,1.0,0.9833196401596069,-1.0,0.8946917057037354,-1.0,-1.0,-1.0,0.9661247134208679,0.456007719039917,-1.0,0.1829545497894287,-1.0,0.39805805683135986
1.0,1.0,1.0,-1.0,0.7369430065155029,-1.0,-1.0,1.0,0.9792248606681824,-1.0,0.885014533996582,-1.0,-1.0,-1.0,0.9700753688812256,0.5500426888465881,-1.0,0.31650641560554504,-1.0,0.45709478855133057
1.0,0.7696078419685364,1.0,-1.0,0.7706141471862793,-1.0,-1.0,1.0,0.9820030927658081,-1.0,0.8890907764434814,-1.0,-1.0,-1.0,0.9621688723564148,0.6889208555221558,-1.0,0.1637057214975357,-1.0,0.4127970039844513
1.0,1.0,1.0,-1.0,0.7233688235282898,-1.0,-1.0,1.0,0.9916513562202454,-1.0,0.8774007558822632,-1.0,-1.0,-1.0,0.9761640429496765,0.4325496554374695,-1.0,0.1527014672756195,-1.0,0.326263964176178
1.0,0.949999988079071,0.1428571492433548,-1.0,0.7190694212913513,-1.0,-1.0,1.0,0.9878512620925903,-1.0,0.8976761698722839,-1.0,-1.0,-1.0,0.9689138531684875,0.5481544137001038,-1.0,0.2268790900707245,-1.0,0.370595246553421
1.0,1.0,1.0,-1.0,0.686745285987854,-1.0,-1.0,1.0,0.9874351024627686,-1.0,0.8896288871765137,-1.0,-1.0,-1.0,0.974778950214386,0.5070886015892029,-1.0,0.11076691001653671,-1.0,0.3438109755516052
1.0,0.7681818008422852,1.0,-1.0,0.7069605588912964,-1.0,-1.0,1.0,0.985905647277832,-1.0,0.8959638476371765,-1.0,-1.0,-1.0,0.9756141304969788,0.5996770858764648,-1.0,0.28264689445495605,-1.0,0.42581644654273987
0.5,0.800000011920929,1.0,-1.0,0.7932899594306946,-1.0,-1.0,1.0,0.9817537069320679,-1.0,0.882086455821991,-1.0,-1.0,-1.0,0.9688920378684998,0.5662566423416138,-1.0,0.7644230723381042,-1.0,0.3297670781612396
1.0,0.8500000238418579,1.0,-1.0,0.7469843626022339,-1.0,-1.0,1.0,0.9901966452598572,-1.0,0.8913307785987854,-1.0,-1.0,-1.0,0.9696524143218994,0.526663601398468,-1.0,0.3645833432674408,-1.0,0.1263616532087326
1.0,0.8026315569877625,1.0,-1.0,0.6726163029670715,-1.0,-1.0,0.6929824352264404,0.9912615418434143,-1.0,0.9044239521026611,-1.0,-1.0,-1.0,0.9760006070137024,0.5251024961471558,-1.0,0.23726190626621246,-1.0,0.2927442193031311
1.0,0.8088235259056091,1.0,-1.0,0.7262894511222839,-1.0,-1.0,1.0,0.9847300052642822,-1.0,0.8989182710647583,-1.0,-1.0,-1.0,0.9588030576705933,0.5200764536857605,-1.0,0.41499999165534973,-1.0,0.3709864914417267
1.0,0.7611111402511597,1.0,-1.0,0.6346917152404785,-1.0,-1.0,1.0,0.9878391027450562,-1.0,0.8917226791381836,-1.0,-1.0,-1.0,0.990321159362793,0.6735886335372925,-1.0,0.19905789196491241,-1.0,0.2246105819940567
1.0,0.7884615659713745,1.0,-1.0,0.7518035769462585,-1.0,-1.0,1.0,0.9826480150222778,-1.0,0.8914900422096252,-1.0,-1.0,-1.0,0.9737142324447632,0.5173451900482178,-1.0,0.5692307949066162,-1.0,0.4325130879878998
1.0,0.8500000238418579,1.0,-1.0,0.7470253705978394,-1.0,-1.0,1.0,0.9831569790840149,-1.0,0.8908551335334778,-1.0,-1.0,-1.0,0.9668449759483337,0.5309193730354309,-1.0,0.3867753744125366,-1.0,0.31177666783332825
1.0,1.0,1.0,-1.0,0.8082184791564941,-1.0,-1.0,1.0,0.9894434213638306,-1.0,0.9045198559761047,-1.0,-1.0,-1.0,0.9805521368980408,0.6407851576805115,-1.0,0.09671012312173843,-1.0,0.42560601234436035
1.0,0.8269230723381042,1.0,-1.0,0.6392074823379517,-1.0,-1.0,1.0,0.9885982275009155,-1.0,0.874233067035675,-1.0,-1.0,-1.0,0.9640834927558899,0.45551377534866333,-1.0,0.4101009964942932,-1.0,0.4022570848464966
1.0,0.949999988079071,0.125,-1.0,0.667099118232727,-1.0,-1.0,1.0,0.9874496459960938,-1.0,0.8708489537239075,-1.0,-1.0,-1.0,0.9710909128189087,0.6742363572120667,-1.0,0.2677188515663147,-1.0,0.5452941656112671
1.0,0.8928571343421936,0.20000000298023224,-1.0,0.7768450975418091,-1.0,-1.0,1.0,0.9795632362365723,-1.0,0.8926268815994263,-1.0,-1.0,-1.0,0.9557904601097107,0.5987167358398438,-1.0,0.5492424368858337,-1.0,0.2675938904285431
1.0,0.949999988079071,1.0,-1.0,0.7196689248085022,-1.0,-1.0,1.0,0.992369532585144,-1.0,0.9065897464752197,-1.0,-1.0,-1.0,0.9816015362739563,0.5512155294418335,-1.0,0.20636792480945587,-1.0,0.3444916605949402
1.0,1.0,1.0,-1.0,0.7057076096534729,-1.0,-1.0,1.0,0.9842253923416138,-1.0,0.8823460340499878,-1.0,-1.0,-1.0,0.9703284502029419,0.4265100061893463,-1.0,0.3432105481624603,-1.0,0.19166666269302368
1.0,1.0,1.0,-1.0,0.7846402525901794,-1.0,-1.0,1.0,0.9912625551223755,-1.0,0.8705445528030396,-1.0,-1.0,-1.0,0.9822901487350464,0.5229335427284241,-1.0,0.2437770515680313,-1.0,0.36925098299980164
1.0,0.8125,1.0,-1.0,0.6783469915390015,-1.0,-1.0,1.0,0.9870079159736633,-1.0,0.8918559551239014,-1.0,-1.0,-1.0,0.97968590259552,0.49994054436683655,-1.0,0.2916666567325592,-1.0,0.3835638761520386
1.0,0.8088235259056091,1.0,-1.0,0.7212955355644226,-1.0,-1.0,1.0,0.9934231638908386,-1.0,0.8991530537605286,-1.0,-1.0,-1.0,0.9647106528282166,0.6753424406051636,-1.0,0.21554486453533173,-1.0,0.40939339995384216
1.0,0.7606382966041565,1.0,-1.0,0.7481531500816345,-1.0,-1.0,1.0,0.9853501319885254,-1.0,0.8742315769195557,-1.0,-1.0,-1.0,0.9616583585739136,0.6970909833908081,-1.0,0.5359122157096863,-1.0,0.4326491951942444
1.0,0.7976190447807312,1.0,-1.0,0.712119996547699,-1.0,-1.0,1.0,0.9884297251701355,-1.0,0.8784766793251038,-1.0,-1.0,-1.0,0.97038733959198,0.5146182775497437,-1.0,0.23773689568042755,-1.0,0.3359943926334381
1.0,0.79347825050354,0.022727273404598236,-1.0,0.6837923526763916,-1.0,-1.0,1.0,0.9898919463157654,-1.0,0.8798646330833435,-1.0,-1.0,-1.0,0.9781469702720642,0.5908806920051575,-1.0,0.42507001757621765,-1.0,0.28834009170532227
1.0,0.8214285969734192,1.0,-1.0,0.7623345851898193,-1.0,-1.0,0.9166666865348816,0.9875797629356384,-1.0,0.8803977966308594,-1.0,-1.0,-1.0,0.9764814972877502,0.5936937928199768,-1.0,0.26529648900032043,-1.0,0.45196929574012756
1.0,1.0,1.0,-1.0,0.7402100563049316,-1.0,-1.0,1.0,0.9865145087242126,-1.0,0.8715299963951111,-1.0,-1.0,-1.0,0.9753106236457825,0.4467722475528717,-1.0,0.13558164238929749,-1.0,0.5174752473831177
1.0,1.0,1.0,-1.0,0.6976431608200073,-1.0,-1.0,1.0,0.9810288548469543,-1.0,0.877000629901886,-1.0,-1.0,-1.0,0.9766083359718323,0.49682125449180603,-1.0,0.3149038553237915,-1.0,0.37652310729026794
1.0,0.949999988079071,1.0,-1.0,0.6751092076301575,-1.0,-1.0,1.0,0.9873377680778503,-1.0,0.8835012316703796,-1.0,-1.0,-1.0,0.9763143062591553,0.4463547170162201,-1.0,0.6230345964431763,-1.0,0.3780902624130249
1.0,0.762499988079071,1.0,-1.0,0.6126466989517212,-1.0,-1.0,1.0,0.9926656484603882,-1.0,0.8748010993003845,-1.0,-1.0,-1.0,0.9886761903762817,0.5842384099960327,-1.0,0.6083333492279053,-1.0,0.14475755393505096
1.0,1.0,0.03333333507180214,-1.0,0.7812528014183044,-1.0,-1.0,1.0,0.9853788614273071,-1.0,0.8688463568687439,-1.0,-1.0,-1.0,0.9549404978752136,0.3292672336101532,-1.0,0.29365721344947815,-1.0,0.41022223234176636
1.0,0.8409090638160706,0.0833333358168602,-1.0,0.7036053538322449,-1.0,-1.0,1.0,0.9898216128349304,-1.0,0.8839791417121887,-1.0,-1.0,-1.0,0.9624792337417603,0.3495716154575348,-1.0,0.1926938146352768,-1.0,0.3594304323196411
1.0,0.7647058963775635,1.0,-1.0,0.6665138602256775,-1.0,-1.0,1.0,0.9875916242599487,-1.0,0.898878812789917,-1.0,-1.0,-1.0,0.9723872542381287,0.5445868968963623,-1.0,0.2430555522441864,-1.0,0.10125420242547989
1.0,0.8611111044883728,1.0,-1.0,0.7262842059135437,-1.0,-1.0,1.0,0.9845970869064331,-1.0,0.8931484818458557,-1.0,-1.0,-1.0,0.9885415434837341,0.5018395781517029,-1.0,0.23451100289821625,-1.0,0.46967843174934387
1.0,0.8500000238418579,1.0,-1.0,0.7899580597877502,-1.0,-1.0,1.0,0.9885664582252502,-1.0,0.8696489334106445,-1.0,-1.0,-1.0,0.9748144149780273,0.8247801661491394,-1.0,0.24641233682632446,-1.0,0.3092378079891205
1.0,0.8500000238418579,1.0,-1.0,0.767806351184845,-1.0,-1.0,1.0,0.991536557674408,-1.0,0.8946398496627808,-1.0,-1.0,-1.0,0.9916160106658936,0.7176646590232849,-1.0,0.22182539105415344,-1.0,0.2375972718000412
1.0,0.9166666865348816,1.0,-1.0,0.6669602990150452,-1.0,-1.0,1.0,0.9894363284111023,-1.0,0.8696375489234924,-1.0,-1.0,-1.0,0.9826646447181702,0.7577908635139465,-1.0,0.25645604729652405,-1.0,0.468715101480484
1.0,1.0,0.125,-1.0,0.723473072052002,-1.0,-1.0,1.0,0.9816763401031494,-1.0,0.8667662739753723,-1.0,-1.0,-1.0,0.9679950475692749,0.41093581914901733,-1.0,0.11879786849021912,-1.0,0.37463808059692383
1.0,0.8166666626930237,0.0555555559694767,-1.0,0.7166507244110107,-1.0,-1.0,1.0,0.9828591346740723,-1.0,0.893065333366394,-1.0,-1.0,-1.0,0.9796648621559143,0.6617451310157776,-1.0,0.3459915518760681,-1.0,0.4019041657447815
1.0,0.7844827771186829,1.0,-1.0,0.7230600118637085,-1.0,-1.0,1.0,0.988082766532898,-1.0,0.8653936982154846,-1.0,-1.0,-1.0,0.9804072380065918,0.6456443667411804,-1.0,0.35772356390953064,-1.0,0.3313569724559784
1.0,0.8269230723381042,0.1111111119389534,-1.0,0.7178641557693481,-1.0,-1.0,1.0,0.9842395186424255,-1.0,0.8666581511497498,-1.0,-1.0,-1.0,0.9541687965393066,0.5876286625862122,-1.0,0.4267399311065674,-1.0,0.3798392117023468
1.0,0.875,0.06666667014360428,-1.0,0.7787343859672546,-1.0,-1.0,1.0,0.9881076812744141,-1.0,0.8739556074142456,-1.0,-1.0,-1.0,0.9699379801750183,0.5298228859901428,-1.0,0.6170438528060913,-1.0,0.25831615924835205
1.0,0.875,1.0,-1.0,0.7003979682922363,-1.0,-1.0,1.0,0.9857524037361145,-1.0,0.8753942251205444,-1.0,-1.0,-1.0,0.9774943590164185,0.45956966280937195,-1.0,0.3738095164299011,-1.0,0.5608345866203308
1.0,0.8928571343421936,1.0,-1.0,0.7372574806213379,-1.0,-1.0,1.0,0.9896432757377625,-1.0,0.878188967704773,-1.0,-1.0,-1.0,0.9775681495666504,0.5941123366355896,-1.0,0.34715908765792847,-1.0,0.3001577854156494
1.0,0.7916666865348816,1.0,-1.0,0.7969762682914734,-1.0,-1.0,1.0,0.9884106516838074,-1.0,0.8942347764968872,-1.0,-1.0,-1.0,0.9736184477806091,0.6208422183990479,-1.0,0.12981075048446655,-1.0,0.3145556151866913
1.0,0.8055555820465088,0.0555555559694767,-1.0,0.730074942111969,-1.0,-1.0,1.0,0.9858306050300598,-1.0,0.882554292678833,-1.0,-1.0,-1.0,0.9646490216255188,0.6424955725669861,-1.0,0.1596597284078598,-1.0,0.5604189038276672
1.0,0.8500000238418579,0.1111111119389534,-1.0,0.7402544617652893,-1.0,-1.0,1.0,0.9836259484291077,-1.0,0.885072648525238,-1.0,-1.0,-1.0,0.9866611361503601,0.6159197092056274,-1.0,0.33302006125450134,-1.0,0.28654587268829346
1.0,1.0,1.0,-1.0,0.6933533549308777,-1.0,-1.0,1.0,0.9910576939582825,-1.0,0.8783637285232544,-1.0,-1.0,-1.0,0.980848491191864,0.5150848627090454,-1.0,0.49409204721450806,-1.0,0.36999353766441345
1.0,0.949999988079071,1.0,-1.0,0.6036369204521179,-1.0,-1.0,1.0,0.9881605505943298,-1.0,0.8777972459793091,-1.0,-1.0,-1.0,0.976133406162262,0.5831708312034607,-1.0,0.11300504952669144,-1.0,0.4199521541595459
1.0,0.7732558250427246,1.0,-1.0,0.6563330888748169,-1.0,-1.0,1.0,0.9919388294219971,-1.0,0.8930850028991699,-1.0,-1.0,-1.0,0.9837886095046997,0.5647065043449402,-1.0,0.19163306057453156,-1.0,0.4411938786506653
1.0,0.8214285969734192,0.06666667014360428,-1.0,0.675729513168335,-1.0,-1.0,1.0,0.9824721813201904,-1.0,0.8618804812431335,-1.0,-1.0,-1.0,0.9655475616455078,0.556718111038208,-1.0,0.11061990261077881,-1.0,0.3897987902164459
1.0,0.7976190447807312,1.0,-1.0,0.7080322504043579,-1.0,-1.0,1.0,0.9862809181213379,-1.0,0.8839589953422546,-1.0,-1.0,-1.0,0.977482795715332,0.59224534034729,-1.0,0.15147128701210022,-1.0,0.33766233921051025
1.0,0.77173912525177,1.0,-1.0,0.6237221360206604,-1.0,-1.0,1.0,0.9870414733886719,-1.0,0.8938953876495361,-1.0,-1.0,-1.0,0.984093189239502,0.6388852596282959,-1.0,0.5457875728607178,-1.0,0.30079546570777893
0.5,0.7696078419685364,0.06666667014360428,-1.0,0.6061291694641113,-1.0,-1.0,1.0,0.9882779717445374,-1.0,0.8750209212303162,-1.0,-1.0,-1.0,0.9581406116485596,0.7224006652832031,-1.0,0.4885134994983673,-1.0,0.2786259353160858
1.0,0.76408451795578,1.0,-1.0,0.7728235721588135,-1.0,-1.0,1.0,0.9925389885902405,-1.0,0.8861563801765442,-1.0,-1.0,-1.0,0.9681296944618225,0.5742813944816589,-1.0,0.4854166805744171,-1.0,0.30179256200790405
1.0,0.8055555820465088,1.0,-1.0,0.7160267233848572,-1.0,-1.0,1.0,0.9829098582267761,-1.0,0.8885986804962158,-1.0,-1.0,-1.0,0.9687389731407166,0.8109635710716248,-1.0,0.14826762676239014,-1.0,0.4176415801048279
1.0,1.0,0.0714285746216774,-1.0,0.7185319066047668,-1.0,-1.0,1.0,0.9816941022872925,-1.0,0.8926857113838196,-1.0,-1.0,-1.0,0.9617903828620911,0.5541858673095703,-1.0,0.5548703074455261,-1.0,0.42207127809524536
1.0,0.875,0.05000000074505806,-1.0,0.7665569186210632,-1.0,-1.0,1.0,0.992912769317627,-1.0,0.8835139274597168,-1.0,-1.0,-1.0,0.9845671057701111,0.4473281800746918,-1.0,0.16379870474338531,-1.0,0.3391304314136505
1.0,0.8214285969734192,0.0555555559694767,-1.0,0.6581082344055176,-1.0,-1.0,1.0,0.9785143136978149,-1.0,0.8676045536994934,-1.0,-1.0,-1.0,0.9795334339141846,0.6149286031723022,-1.0,0.13752248883247375,-1.0,0.31616610288619995
1.0,0.9166666865348816,0.03030303120613098,-1.0,0.685051679611206,-1.0,-1.0,1.0,0.9783116579055786,-1.0,0.8856266140937805,-1.0,-1.0,-1.0,0.9833492636680603,0.5654760599136353,-1.0,0.31738778948783875,-1.0,0.46092352271080017
1.0,0.7613636255264282,0.5,-1.0,0.7530553340911865,-1.0,-1.0,1.0,0.9858125448226929,-1.0,0.8824780583381653,-1.0,-1.0,-1.0,0.9820387959480286,0.5293307304382324,-1.0,0.11390398442745209,-1.0,0.2512308955192566
1.0,0.7749999761581421,1.0,-1.0,0.6494222283363342,-1.0,-1.0,1.0,0.9898442625999451,-1.0,0.8761903643608093,-1.0,-1.0,-1.0,0.9835325479507446,0.4961734414100647,-1.0,0.4166666567325592,-1.0,0.4680591821670532
1.0,0.7743902206420898,1.0,-1.0,0.740144670009613,-1.0,-1.0,1.0,0.9843410849571228,-1.0,0.8813313245773315,-1.0,-1.0,-1.0,0.9646161794662476,0.5320906639099121,-1.0,0.3537878692150116,-1.0,0.4832552671432495
1.0,1.0,1.0,-1.0,0.7030358910560608,-1.0,-1.0,1.0,0.9864342212677002,-1.0,0.8710557222366333,-1.0,-1.0,-1.0,0.9709466695785522,0.5356706976890564,-1.0,0.19050925970077515,-1.0,0.3291141092777252
1.0,0.767241358757019,0.0833333358168602,-1.0,0.6983963847160339,-1.0,-1.0,1.0,0.9888803362846375,-1.0,0.8805107474327087,-1.0,-1.0,-1.0,0.9870386123657227,0.5752886533737183,-1.0,0.2393224686384201,-1.0,0.40286582708358765
1.0,1.0,1.0,-1.0,0.762263834476471,-1.0,-1.0,1.0,0.9840675592422485,-1.0,0.9015495777130127,-1.0,-1.0,-1.0,0.9876137375831604,0.77683424949646,-1.0,0.3537784814834595,-1.0,0.1921503096818924
1.0,0.7704081535339355,0.10000000149011612,-1.0,0.6705735921859741,-1.0,-1.0,1.0,0.9906220436096191,-1.0,0.881549596786499,-1.0,-1.0,-1.0,0.9730815887451172,0.674467146396637,-1.0,0.10071209073066711,-1.0,0.14873452484607697
1.0,0.7692307829856873,1.0,-1.0,0.7576839327812195,-1.0,-1.0,0.9166666865348816,0.9855250120162964,-1.0,0.8980047702789307,-1.0,-1.0,-1.0,0.9562983512878418,0.5862137675285339,-1.0,0.359375,-1.0,0.1558748185634613
1.0,0.9166666865348816,1.0,-1.0,0.7204368710517883,-1.0,-1.0,1.0,0.9872329831123352,-1.0,0.904126763343811,-1.0,-1.0,-1.0,0.9683150053024292,0.6046753525733948,-1.0,0.5067114233970642,-1.0,0.44259434938430786
1.0,0.7844827771186829,1.0,-1.0,0.6712661981582642,-1.0,-1.0,1.0,0.9872337579727173,-1.0,0.8873024582862854,-1.0,-1.0,-1.0,0.9697134494781494,0.47104400396347046,-1.0,0.18886113166809082,-1.0,0.5678722262382507
1.0,0.875,0.0555555559694767,-1.0,0.7756440043449402,-1.0,-1.0,1.0,0.9830434322357178,-1.0,0.8799430131912231,-1.0,-1.0,-1.0,0.9778774380683899,0.6724969148635864,-1.0,0.2153846174478531,-1.0,0.5090733766555786
1.0,0.9166666865348816,0.014492753893136978,-1.0,0.813862681388855,-1.0,-1.0,1.0,0.9794543981552124,-1.0,0.8760257363319397,-1.0,-1.0,-1.0,0.9806427359580994,0.40150511264801025,-1.0,0.17266760766506195,-1.0,0.3275427520275116
1.0,0.7722222208976746,0.125,-1.0,0.7171885967254639,-1.0,-1.0,1.0,0.9803279042243958,-1.0,0.8797054290771484,-1.0,-1.0,-1.0,0.9642998576164246,0.48733577132225037,-1.0,0.1292003095149994,-1.0,0.27518418431282043
1.0,1.0,0.125,-1.0,0.6851597428321838,-1.0,-1.0,1.0,0.9818048477172852,-1.0,0.8876929879188538,-1.0,-1.0,-1.0,0.9692964553833008,0.4613840878009796,-1.0,0.19583334028720856,-1.0,0.37698113918304443
1.0,0.8125,1.0,-1.0,0.7385541796684265,-1.0,-1.0,1.0,0.985803484916687,-1.0,0.8796380162239075,-1.0,-1.0,-1.0,0.995195746421814,0.9614285826683044,-1.0,0.4452088475227356,-1.0,0.4918493926525116
1.0,0.875,1.0,-1.0,0.7447319626808167,-1.0,-1.0,1.0,0.9912084937095642,-1.0,0.8772804141044617,-1.0,-1.0,-1.0,0.9740486741065979,0.709277868270874,-1.0,0.5702381134033203,-1.0,0.43218180537223816
1.0,1.0,1.0,-1.0,0.7223587036132812,-1.0,-1.0,1.0,0.9888625741004944,-1.0,0.8863204717636108,-1.0,-1.0,-1.0,0.960132360458374,0.6613020300865173,-1.0,0.261904776096344,-1.0,0.41621410846710205
1.0,0.7844827771186829,1.0,-1.0,0.7230596542358398,-1.0,-1.0,1.0,0.9834361672401428,-1.0,0.8578320145606995,-1.0,-1.0,-1.0,0.9581781029701233,0.5878756046295166,-1.0,0.3017399311065674,-1.0,0.3405122756958008
1.0,0.8928571343421936,1.0,-1.0,0.6882117986679077,-1.0,-1.0,1.0,0.9929860234260559,-1.0,0.8842868804931641,-1.0,-1.0,-1.0,0.9776875972747803,0.6684566140174866,-1.0,0.2645144760608673,-1.0,0.30775633454322815
1.0,0.8026315569877625,0.5,-1.0,0.7865723371505737,-1.0,-1.0,1.0,0.9829278588294983,-1.0,0.8679020404815674,-1.0,-1.0,-1.0,0.9867866039276123,0.70984947681427,-1.0,0.4067460298538208,-1.0,0.3786543607711792
1.0,0.8125,1.0,-1.0,0.704288899898529,-1.0,-1.0,1.0,0.9819848537445068,-1.0,0.8685278296470642,-1.0,-1.0,-1.0,0.9639390110969543,0.6198556423187256,-1.0,0.12903596460819244,-1.0,0.4832784831523895
1.0,0.8409090638160706,1.0,-1.0,0.6587209105491638,-1.0,-1.0,1.0,0.9808162450790405,-1.0,0.8836374878883362,-1.0,-1.0,-1.0,0.9772435426712036,0.3186884820461273,-1.0,0.16211622953414917,-1.0,0.24673549830913544
1.0,0.949999988079071,0.1111111119389534,-1.0,0.6604666709899902,-1.0,-1.0,1.0,0.9898489713668823,-1.0,0.879359781742096,-1.0,-1.0,-1.0,0.9672274589538574,0.7264352440834045,-1.0,0.573317289352417,-1.0,0.4302040934562683
1.0,0.7644927501678467,0.5,-1.0,0.7675437331199646,-1.0,-1.0,1.0,0.981940507888794,-1.0,0.8897146582603455,-1.0,-1.0,-1.0,0.9728236794471741,0.6940476298332214,-1.0,0.1627696454524994,-1.0,0.41110414266586304
1.0,0.8500000238418579,1.0,-1.0,0.7798621654510498,-1.0,-1.0,1.0,0.9829764366149902,-1.0,0.8798168897628784,-1.0,-1.0,-1.0,0.9631621241569519,0.6487075090408325,-1.0,0.3932981789112091,-1.0,0.2061033695936203
1.0,0.8409090638160706,1.0,-1.0,0.6947370171546936,-1.0,-1.0,1.0,0.9790902137756348,-1.0,0.8764531016349792,-1.0,-1.0,-1.0,0.9763613939285278,0.6594992876052856,-1.0,0.512499988079071,-1.0,0.28747430443763733
1.0,0.949999988079071,1.0,-1.0,0.7181816101074219,-1.0,-1.0,1.0,0.9835695624351501,-1.0,0.8820674419403076,-1.0,-1.0,-1.0,0.9681746363639832,0.5617251992225647,-1.0,0.2455357164144516,-1.0,0.25499409437179565
1.0,0.7916666865348816,1.0,-1.0,0.759686291217804,-1.0,-1.0,1.0,0.9859788417816162,-1.0,0.8854888677597046,-1.0,-1.0,-1.0,0.9835659265518188,0.42767030000686646,-1.0,0.16706348955631256,-1.0,0.5288435220718384
1.0,0.7603092789649963,1.0,-1.0,0.7099747657775879,-1.0,-1.0,1.0,0.9849583506584167,-1.0,0.8853222131729126,-1.0,-1.0,-1.0,0.9672423005104065,0.3872027099132538,-1.0,0.22681158781051636,-1.0,0.47076651453971863
1.0,0.79347825050354,0.5,-1.0,0.8017023801803589,-1.0,-1.0,1.0,0.9842673540115356,-1.0,0.8898324370384216,-1.0,-1.0,-1.0,0.9669644832611084,0.40810346603393555,-1.0,0.18804112076759338,-1.0,0.1591820865869522
1.0,1.0,1.0,-1.0,0.7843775749206543,-1.0,-1.0,1.0,0.9854142665863037,-1.0,0.8868111968040466,-1.0,-1.0,-1.0,0.9695021510124207,0.6551317572593689,-1.0,0.4869047701358795,-1.0,0.4529210329055786
1.0,0.875,1.0,-1.0,0.7946817278862,-1.0,-1.0,1.0,0.9880871176719666,-1.0,0.8951110243797302,-1.0,-1.0,-1.0,0.9573396444320679,0.5448371171951294,-1.0,0.3211413323879242,-1.0,0.1633208692073822
1.0,0.7900000214576721,1.0,-1.0,0.7697068452835083,-1.0,-1.0,1.0,0.9868753552436829,-1.0,0.8898029923439026,-1.0,-1.0,-1.0,0.9756959080696106,0.5916224122047424,-1.0,0.34738412499427795,-1.0,0.4696715176105499
1.0,0.76408451795578,1.0,-1.0,0.7072878479957581,-1.0,-1.0,1.0,0.9843688607215881,-1.0,0.886837899684906,-1.0,-1.0,-1.0,0.9784127473831177,0.49391302466392517,-1.0,0.2138640284538269,-1.0,0.24329502880573273
1.0,0.7954545617103577,1.0,-1.0,0.7023038864135742,-1.0,-1.0,1.0,0.9835850596427917,-1.0,0.8518032431602478,-1.0,-1.0,-1.0,0.9713339805603027,0.4642910063266754,-1.0,0.5416666865348816,-1.0,0.5040318369865417
1.0,0.800000011920929,1.0,-1.0,0.7550461888313293,-1.0,-1.0,1.0,0.9800202250480652,-1.0,0.8868950605392456,-1.0,-1.0,-1.0,0.9678433537483215,0.7144657373428345,-1.0,0.24533991515636444,-1.0,0.3350776135921478
1.0,0.7633333206176758,1.0,-1.0,0.651256263256073,-1.0,-1.0,1.0,0.9830055832862854,-1.0,0.8788610696792603,-1.0,-1.0,-1.0,0.9779620170593262,0.5912812352180481,-1.0,0.1677248626947403,-1.0,0.4047921299934387
1.0,0.8166666626930237,0.03999999910593033,-1.0,0.6780446171760559,-1.0,-1.0,1.0,0.9830015301704407,-1.0,0.9012165665626526,-1.0,-1.0,-1.0,0.9701679944992065,0.7407585382461548,-1.0,0.20134572684764862,-1.0,0.37524232268333435
1.0,0.8125,1.0,-1.0,0.6583573818206787,-1.0,-1.0,1.0,0.9852966070175171,-1.0,0.8830867409706116,-1.0,-1.0,-1.0,0.9643439650535583,0.5740740895271301,-1.0,0.38357841968536377,-1.0,0.4549039900302887
1.0,1.0,1.0,-1.0,0.6163192391395569,-1.0,-1.0,1.0,0.9884786605834961,-1.0,0.8820568323135376,-1.0,-1.0,-1.0,0.9698114395141602,0.8172370791435242,-1.0,0.10463458299636841,-1.0,0.25248247385025024
1.0,0.8333333134651184,0.125,-1.0,0.6275922656059265,-1.0,-1.0,1.0,0.9881256222724915,-1.0,0.8929072618484497,-1.0,-1.0,-1.0,0.9668724536895752,0.6579097509384155,-1.0,0.2192029058933258,-1.0,0.30558833479881287
1.0,0.7857142686843872,1.0,-1.0,0.7048239707946777,-1.0,-1.0,1.0,0.9852938055992126,-1.0,0.8770496249198914,-1.0,-1.0,-1.0,0.9634004831314087,0.5178776979446411,-1.0,0.09879843890666962,-1.0,0.1596575528383255
1.0,0.8269230723381042,1.0,-1.0,0.7000015377998352,-1.0,-1.0,1.0,0.9862607717514038,-1.0,0.8580071926116943,-1.0,-1.0,-1.0,0.9478389620780945,0.4797753393650055,-1.0,0.07892411947250366,-1.0,0.491567462682724
1.0,0.8500000238418579,1.0,-1.0,0.7470393180847168,-1.0,-1.0,1.0,0.9872471690177917,-1.0,0.8806429505348206,-1.0,-1.0,-1.0,0.9626251459121704,0.5633535981178284,-1.0,0.1458188146352768,-1.0,0.3430785536766052
1.0,0.8611111044883728,1.0,-1.0,0.6915448307991028,-1.0,-1.0,1.0,0.9859732389450073,-1.0,0.9135819673538208,-1.0,-1.0,-1.0,0.9710606336593628,0.444965660572052,-1.0,0.3349853456020355,-1.0,0.31188586354255676
1.0,0.8214285969734192,1.0,-1.0,0.7183225750923157,-1.0,-1.0,1.0,0.9897534251213074,-1.0,0.8836287260055542,-1.0,-1.0,-1.0,0.9813306927680969,0.7492116689682007,-1.0,0.33215129375457764,-1.0,0.23358090221881866
1.0,0.9166666865348816,0.021276595070958138,-1.0,0.7393377423286438,-1.0,-1.0,1.0,0.9941184520721436,-1.0,0.8998015522956848,-1.0,-1.0,-1.0,0.9602656960487366,0.4678374230861664,-1.0,0.1986747533082962,-1.0,0.24150745570659637
1.0,0.7763158082962036,1.0,-1.0,0.7301193475723267,-1.0,-1.0,1.0,0.9872148036956787,-1.0,0.8914400935173035,-1.0,-1.0,-1.0,0.9550206065177917,0.5078091025352478,-1.0,0.2932754158973694,-1.0,0.5584321618080139
1.0,0.8026315569877625,1.0,-1.0,0.6640684604644775,-1.0,-1.0,1.0,0.9837366342544556,-1.0,0.8828290104866028,-1.0,-1.0,-1.0,0.9721919298171997,0.3960644602775574,-1.0,0.46677863597869873,-1.0,0.5063492059707642
1.0,0.7635135054588318,1.0,-1.0,0.7490130066871643,-1.0,-1.0,1.0,0.9794663190841675,-1.0,0.893787682056427,-1.0,-1.0,-1.0,0.9804801344871521,0.6303241848945618,-1.0,0.36219513416290283,-1.0,0.3480089604854584
1.0,0.7602040767669678,1.0,-1.0,0.7599802613258362,-1.0,-1.0,1.0,0.9874705076217651,-1.0,0.8676614761352539,-1.0,-1.0,-1.0,0.9626389145851135,0.3982357084751129,-1.0,0.19696055352687836,-1.0,0.2819572985172272
1.0,0.8125,1.0,-1.0,0.7285818457603455,-1.0,-1.0,1.0,0.9877035021781921,-1.0,0.8959198594093323,-1.0,-1.0,-1.0,0.9872876405715942,0.6536864638328552,-1.0,0.13647186756134033,-1.0,0.3244019150733948
1.0,0.949999988079071,0.3333333432674408,-1.0,0.7129650115966797,-1.0,-1.0,1.0,0.9836390018463135,-1.0,0.879693329334259,-1.0,-1.0,-1.0,0.9863677620887756,0.715393602848053,-1.0,0.1210317462682724,-1.0,0.35534852743148804
1.0,0.9166666865348816,0.20000000298023224,-1.0,0.6953173875808716,-1.0,-1.0,1.0,0.9806627631187439,-1.0,0.8897335529327393,-1.0,-1.0,-1.0,0.9728870391845703,0.48164498805999756,-1.0,0.327778160572052,-1.0,0.4685377776622772
1.0,1.0,1.0,-1.0,0.6822136640548706,-1.0,-1.0,0.6820513010025024,0.9799495339393616,-1.0,0.8585195541381836,-1.0,-1.0,-1.0,0.9702771902084351,0.5573801398277283,-1.0,0.2429271638393402,-1.0,0.425808846950531
1.0,0.7699999809265137,0.0714285746216774,-1.0,0.7533503174781799,-1.0,-1.0,1.0,0.9882089495658875,-1.0,0.872687041759491,-1.0,-1.0,-1.0,0.9914327263832092,0.4889463484287262,-1.0,0.21856021881103516,-1.0,0.4419342577457428
1.0,0.8928571343421936,1.0,-1.0,0.6802501082420349,-1.0,-1.0,1.0,0.990409255027771,-1.0,0.8609580993652344,-1.0,-1.0,-1.0,0.9474318027496338,0.7903209328651428,-1.0,0.09759615361690521,-1.0,0.4814629554748535
1.0,0.771276593208313,1.0,-1.0,0.7486159205436707,-1.0,-1.0,1.0,0.9891036748886108,-1.0,0.8762191534042358,-1.0,-1.0,-1.0,0.9768863320350647,0.607419490814209,-1.0,0.11320968717336655,-1.0,0.3526223599910736
1.0,0.8928571343421936,1.0,-1.0,0.7233932614326477,-1.0,-1.0,1.0,0.9830552339553833,-1.0,0.8754185438156128,-1.0,-1.0,-1.0,0.9849072694778442,0.4629836678504944,-1.0,0.3990476131439209,-1.0,0.19922016561031342
1.0,0.800000011920929,1.0,-1.0,0.7775794863700867,-1.0,-1.0,1.0,0.9870189428329468,-1.0,0.8691762685775757,-1.0,-1.0,-1.0,0.9664901494979858,0.5040711164474487,-1.0,0.1344856172800064,-1.0,0.491909921169281
1.0,0.8333333134651184,1.0,-1.0,0.7955087423324585,-1.0,-1.0,1.0,0.9854630827903748,-1.0,0.8946908712387085,-1.0,-1.0,-1.0,0.9760560393333435,0.7703506946563721,-1.0,0.20701345801353455,-1.0,0.44382160902023315
1.0,0.7606382966041565,1.0,-1.0,0.6866175532341003,-1.0,-1.0,1.0,0.9858438968658447,-1.0,0.8825908303260803,-1.0,-1.0,-1.0,0.981497585773468,0.5326613187789917,-1.0,0.3242475390434265,-1.0,0.3797333836555481
1.0,1.0,0.0833333358168602,-1.0,0.7029514908790588,-1.0,-1.0,1.0,0.9800575971603394,-1.0,0.8777880072593689,-1.0,-1.0,-1.0,0.9735264778137207,0.6182343363761902,-1.0,0.27965685725212097,-1.0,0.416708767414093
1.0,0.8088235259056091,1.0,-1.0,0.7481644749641418,-1.0,-1.0,1.0,0.9890369176864624,-1.0,0.8634570837020874,-1.0,-1.0,-1.0,0.9769628047943115,0.5840555429458618,-1.0,0.13453997671604156,-1.0,0.23206813633441925
1.0,0.949999988079071,1.0,-1.0,0.7380627393722534,-1.0,-1.0,1.0,0.9866219162940979,-1.0,0.8825554847717285,-1.0,-1.0,-1.0,0.9852722883224487,0.6297221183776855,-1.0,0.13792391121387482,-1.0,0.4473484754562378
1.0,0.7581300735473633,1.0,-1.0,0.6463375091552734,-1.0,-1.0,1.0,0.9876337051391602,-1.0,0.8813844323158264,-1.0,-1.0,-1.0,0.9530443549156189,0.5288667678833008,-1.0,0.23695488274097443,-1.0,0.4953016936779022
1.0,0.800000011920929,0.25,-1.0,0.7659084796905518,-1.0,-1.0,1.0,0.9904836416244507,-1.0,0.8586301207542419,-1.0,-1.0,-1.0,0.9760000109672546,0.6538313627243042,-1.0,0.2899305522441864,-1.0,0.36070168018341064
0.3333333432674408,0.8409090638160706,1.0,-1.0,0.7679598927497864,-1.0,-1.0,1.0,0.9879859685897827,-1.0,0.8777955174446106,-1.0,-1.0,-1.0,0.9662014842033386,0.5809087753295898,-1.0,0.34880951046943665,-1.0,0.4783090651035309
1.0,0.8269230723381042,1.0,-1.0,0.7195411324501038,-1.0,-1.0,1.0,0.9820834398269653,-1.0,0.8671133518218994,-1.0,-1.0,-1.0,0.965161919593811,0.46321630477905273,-1.0,0.1394636034965515,-1.0,0.40530267357826233
1.0,0.779411792755127,1.0,-1.0,0.7418657541275024,-1.0,-1.0,1.0,0.9831549525260925,-1.0,0.8885276913642883,-1.0,-1.0,-1.0,0.9679682850837708,0.5077259540557861,-1.0,0.21137255430221558,-1.0,0.5866273641586304
1.0,0.7954545617103577,0.5,-1.0,0.6970359683036804,-1.0,-1.0,1.0,0.9826502203941345,-1.0,0.8909681439399719,-1.0,-1.0,-1.0,0.9937069416046143,0.7304390072822571,-1.0,0.6463815569877625,-1.0,0.3764282763004303
1.0,0.8088235259056091,1.0,-1.0,0.7068040370941162,-1.0,-1.0,1.0,0.9892953038215637,-1.0,0.8877055644989014,-1.0,-1.0,-1.0,0.9708196520805359,0.6138070225715637,-1.0,0.234375,-1.0,0.36711031198501587
1.0,0.7606382966041565,1.0,-1.0,0.6556588411331177,-1.0,-1.0,1.0,0.9876795411109924,-1.0,0.8929997682571411,-1.0,-1.0,-1.0,0.956663191318512,0.58783358335495,-1.0,0.42587411403656006,-1.0,0.19794994592666626
1.0,1.0,1.0,-1.0,0.790960431098938,-1.0,-1.0,1.0,0.9802950024604797,-1.0,0.8940339088439941,-1.0,-1.0,-1.0,0.9707976579666138,0.5703896284103394,-1.0,0.28378987312316895,-1.0,0.337693989276886
1.0,0.949999988079071,0.0416666679084301,-1.0,0.7285549640655518,-1.0,-1.0,1.0,0.9872941970825195,-1.0,0.8726420402526855,-1.0,-1.0,-1.0,0.97134929895401,0.5144826173782349,-1.0,0.26245421171188354,-1.0,0.325714111328125
1.0,0.7602040767669678,0.05882352963089943,-1.0,0.7312392592430115,-1.0,-1.0,1.0,0.9866964221000671,-1.0,0.8747450709342957,-1.0,-1.0,-1.0,0.9764172434806824,0.48165950179100037,-1.0,0.23229467868804932,-1.0,0.3686351776123047
1.0,0.949999988079071,1.0,-1.0,0.6460352540016174,-1.0,-1.0,1.0,0.981896698474884,-1.0,0.881249725818634,-1.0,-1.0,-1.0,0.9640352129936218,0.5584166646003723,-1.0,0.25059524178504944,-1.0,0.31964245438575745
1.0,0.7626582384109497,0.5,-1.0,0.7846489548683167,-1.0,-1.0,1.0,0.9916486740112305,-1.0,0.902082622051239,-1.0,-1.0,-1.0,0.9815505146980286,0.7707791924476624,-1.0,0.13143447041511536,-1.0,0.3264583349227905
1.0,0.800000011920929,1.0,-1.0,0.7402794361114502,-1.0,-1.0,1.0,0.9790858030319214,-1.0,0.8872648477554321,-1.0,-1.0,-1.0,0.9833438396453857,0.651544988155365,-1.0,0.31020066142082214,-1.0,0.2951901853084564
1.0,0.9166666865348816,1.0,-1.0,0.751014232635498,-1.0,-1.0,1.0,0.9863291382789612,-1.0,0.8959140777587891,-1.0,-1.0,-1.0,0.974692165851593,0.6387047171592712,-1.0,0.2410714328289032,-1.0,0.3563310503959656
1.0,1.0,1.0,-1.0,0.7217487692832947,-1.0,-1.0,1.0,0.9831017851829529,-1.0,0.8556930422782898,-1.0,-1.0,-1.0,0.9744231700897217,0.40833210945129395,-1.0,0.1862698346376419,-1.0,0.6916361451148987
1.0,0.7704081535339355,1.0,-1.0,0.7653706073760986,-1.0,-1.0,1.0,0.9876124858856201,-1.0,0.8832173347473145,-1.0,-1.0,-1.0,0.9571577310562134,0.6161187291145325,-1.0,0.18609830737113953,-1.0,0.45107927918434143
1.0,1.0,1.0,-1.0,0.7379266619682312,-1.0,-1.0,1.0,0.9849462509155273,-1.0,0.8906946778297424,-1.0,-1.0,-1.0,0.9837148189544678,0.690790057182312,-1.0,0.5833333134651184,-1.0,0.28591763973236084
1.0,0.8055555820465088,1.0,-1.0,0.712449312210083,-1.0,-1.0,1.0,0.9891054034233093,-1.0,0.8691740036010742,-1.0,-1.0,-1.0,0.9759060740470886,0.6930934190750122,-1.0,0.2139374315738678,-1.0,0.15520183742046356
1.0,1.0,1.0,-1.0,0.7197490930557251,-1.0,-1.0,1.0,0.990977942943573,-1.0,0.8804946541786194,-1.0,-1.0,-1.0,0.9652219414710999,0.6123775839805603,-1.0,0.6180124282836914,-1.0,0.3077371120452881
1.0,0.800000011920929,0.25,-1.0,0.767651379108429,-1.0,-1.0,1.0,0.9861637353897095,-1.0,0.8901252746582031,-1.0,-1.0,-1.0,0.9528939127922058,0.49545568227767944,-1.0,0.20530302822589874,-1.0,0.23177115619182587
1.0,0.8055555820465088,1.0,-1.0,0.6863493323326111,-1.0,-1.0,1.0,0.9851837754249573,-1.0,0.8753718137741089,-1.0,-1.0,-1.0,0.9715147018432617,0.7141446471214294,-1.0,0.3380952477455139,-1.0,0.3950040638446808
1.0,0.7822580933570862,0.5,-1.0,0.6820880174636841,-1.0,-1.0,1.0,0.9852375388145447,-1.0,0.8960913419723511,-1.0,-1.0,-1.0,0.9743494391441345,0.5522711277008057,-1.0,0.3836140036582947,-1.0,0.37917834520339966
1.0,1.0,0.25,-1.0,0.7460255026817322,-1.0,-1.0,1.0,0.9881851077079773,-1.0,0.8784923553466797,-1.0,-1.0,-1.0,0.9805326461791992,0.5395987629890442,-1.0,0.11062801629304886,-1.0,0.47655075788497925
1.0,0.8500000238418579,1.0,-1.0,0.6974844336509705,-1.0,-1.0,1.0,0.9843295216560364,-1.0,0.8795720934867859,-1.0,-1.0,-1.0,0.9729698896408081,0.6201598644256592,-1.0,0.1220836192369461,-1.0,0.2636106610298157
1.0,0.9166666865348816,1.0,-1.0,0.7132149338722229,-1.0,-1.0,1.0,0.9885700941085815,-1.0,0.886532723903656,-1.0,-1.0,-1.0,0.9687867760658264,0.6486659049987793,-1.0,0.3854895234107971,-1.0,0.46634382009506226
1.0,0.8269230723381042,0.125,-1.0,0.7182307839393616,-1.0,-1.0,1.0,0.9898887872695923,-1.0,0.8947209119796753,-1.0,-1.0,-1.0,0.9584677815437317,0.6049087047576904,-1.0,0.12089340388774872,-1.0,0.38866934180259705
1.0,0.5996732115745544,1.0,-1.0,0.7345113158226013,-1.0,-1.0,1.0,0.9868326783180237,-1.0,0.8732017874717712,-1.0,-1.0,-1.0,0.9658944010734558,0.610447108745575,-1.0,0.16134357452392578,-1.0,0.34687691926956177
1.0,0.7614942789077759,0.03703703731298447,-1.0,0.7344402074813843,-1.0,-1.0,1.0,0.9882623553276062,-1.0,0.875749945640564,-1.0,-1.0,-1.0,0.9692316055297852,0.7499623894691467,-1.0,0.1410984843969345,-1.0,0.2720390856266022
1.0,0.8088235259056091,1.0,-1.0,0.7551312446594238,-1.0,-1.0,1.0,0.9885680675506592,-1.0,0.8619310855865479,-1.0,-1.0,-1.0,0.981322705745697,0.681591272354126,-1.0,0.30093124508857727,-1.0,0.5520634651184082
1.0,0.7884615659713745,1.0,-1.0,0.6971828937530518,-1.0,-1.0,1.0,0.9915339350700378,-1.0,0.87599778175354,-1.0,-1.0,-1.0,0.9660097360610962,0.6037880778312683,-1.0,0.1773049682378769,-1.0,0.2786235809326172
1.0,0.77173912525177,1.0,-1.0,0.7186024188995361,-1.0,-1.0,1.0,0.9848183989524841,-1.0,0.8696105480194092,-1.0,-1.0,-1.0,0.9819441437721252,0.5550135374069214,-1.0,0.5090090036392212,-1.0,0.2135784775018692
1.0,0.9166666865348816,1.0,-1.0,0.7832913994789124,-1.0,-1.0,1.0,0.9878811836242676,-1.0,0.8812894821166992,-1.0,-1.0,-1.0,0.9560887813568115,0.44696515798568726,-1.0,0.1205357164144516,-1.0,0.4203678369522095
1.0,0.7653846144676208,1.0,-1.0,0.8012884259223938,-1.0,-1.0,1.0,0.9851104021072388,-1.0,0.8794404864311218,-1.0,-1.0,-1.0,0.9658120274543762,0.7349967360496521,-1.0,0.2302277386188507,-1.0,0.35788506269454956
1.0,0.8166666626930237,1.0,-1.0,0.6680978536605835,-1.0,-1.0,1.0,0.9862657189369202,-1.0,0.8530667424201965,-1.0,-1.0,-1.0,0.9747655391693115,0.5748263001441956,-1.0,0.39939025044441223,-1.0,0.12051144987344742
1.0,0.7666666507720947,1.0,-1.0,0.655332624912262,-1.0,-1.0,1.0,0.9842844605445862,-1.0,0.8687328696250916,-1.0,-1.0,-1.0,0.9660893678665161,0.6136584877967834,-1.0,0.11192280054092407,-1.0,0.10816088318824768
1.0,0.875,1.0,-1.0,0.6798833012580872,-1.0,-1.0,1.0,0.988434910774231,-1.0,0.865949273109436,-1.0,-1.0,-1.0,0.9617750644683838,0.5816041231155396,-1.0,0.18598110973834991,-1.0,0.28007689118385315
1.0,0.7916666865348816,1.0,-1.0,0.6309374570846558,-1.0,-1.0,0.7777777910232544,0.9837107062339783,-1.0,0.8773319721221924,-1.0,-1.0,-1.0,0.9453763365745544,0.7411554455757141,-1.0,0.285897433757782,-1.0,0.3178408145904541
1.0,0.800000011920929,1.0,-1.0,0.7329182624816895,-1.0,-1.0,1.0,0.9842909574508667,-1.0,0.8867626190185547,-1.0,-1.0,-1.0,0.9570984840393066,0.572898805141449,-1.0,0.23195701837539673,-1.0,0.6832741498947144
1.0,0.7607526779174805,1.0,-1.0,0.7511282563209534,-1.0,-1.0,1.0,0.9926256537437439,-1.0,0.8729198575019836,-1.0,-1.0,-1.0,0.9802473783493042,0.33869901299476624,-1.0,0.23269230127334595,-1.0,0.14900578558444977
1.0,1.0,1.0,-1.0,0.6907278299331665,-1.0,-1.0,1.0,0.9796255826950073,-1.0,0.8756440877914429,-1.0,-1.0,-1.0,0.9862247109413147,0.6763098835945129,-1.0,0.1402462124824524,-1.0,0.3214830756187439
1.0,0.8333333134651184,1.0,-1.0,0.8011873364448547,-1.0,-1.0,1.0,0.9866747856140137,-1.0,0.8861090540885925,-1.0,-1.0,-1.0,0.9751667380332947,0.6450164318084717,-1.0,0.13662627339363098,-1.0,0.3079918324947357
1.0,0.7770270109176636,1.0,-1.0,0.8218883275985718,-1.0,-1.0,0.8095238208770752,0.9816144704818726,-1.0,0.8945194482803345,-1.0,-1.0,-1.0,0.9775813817977905,0.4537896513938904,-1.0,0.1758861243724823,-1.0,0.18370312452316284
1.0,0.9166666865348816,1.0,-1.0,0.7446499466896057,-1.0,-1.0,1.0,0.9869174957275391,-1.0,0.8675183653831482,-1.0,-1.0,-1.0,0.9712337851524353,0.8198863863945007,-1.0,0.32499998807907104,-1.0,0.354408323764801
1.0,0.7642857432365417,1.0,-1.0,0.7126346826553345,-1.0,-1.0,1.0,0.9842910170555115,-1.0,0.8749153017997742,-1.0,-1.0,-1.0,0.9732936024665833,0.5172491073608398,-1.0,0.18974433839321136,-1.0,0.29544347524642944
1.0,0.7833333611488342,1.0,-1.0,0.7288464307785034,-1.0,-1.0,1.0,0.9870666265487671,-1.0,0.8733240365982056,-1.0,-1.0,-1.0,0.9821518063545227,0.6497883796691895,-1.0,0.13054914772510529,-1.0,0.5529581308364868
1.0,1.0,0.04545454680919647,-1.0,0.6856102347373962,-1.0,-1.0,1.0,0.9786566495895386,-1.0,0.8754315376281738,-1.0,-1.0,-1.0,0.9742211699485779,0.5742908716201782,-1.0,0.23774130642414093,-1.0,0.565199613571167
1.0,0.7870370149612427,1.0,-1.0,0.7183782458305359,-1.0,-1.0,1.0,0.986616313457489,-1.0,0.8794090747833252,-1.0,-1.0,-1.0,0.9765772819519043,0.5788848996162415,-1.0,0.2856242060661316,-1.0,0.39621326327323914
1.0,0.7570921778678894,1.0,-1.0,0.7983825206756592,-1.0,-1.0,1.0,0.9878156781196594,-1.0,0.8933345675468445,-1.0,-1.0,-1.0,0.9458830952644348,0.8094117641448975,-1.0,0.33571428060531616,-1.0,0.3488025367259979
1.0,0.949999988079071,1.0,-1.0,0.7100708484649658,-1.0,-1.0,1.0,0.9873175024986267,-1.0,0.8778764009475708,-1.0,-1.0,-1.0,0.9792633652687073,0.7319516539573669,-1.0,0.6162148714065552,-1.0,0.2756335437297821
1.0,0.8928571343421936,0.0833333358168602,-1.0,0.8253036141395569,-1.0,-1.0,1.0,0.9878061413764954,-1.0,0.875760018825531,-1.0,-1.0,-1.0,0.9760463833808899,0.4422239363193512,-1.0,0.2857142984867096,-1.0,0.15851911902427673
1.0,0.7954545617103577,0.05882352963089943,-1.0,0.7625330686569214,-1.0,-1.0,1.0,0.9805810451507568,-1.0,0.9040270447731018,-1.0,-1.0,-1.0,0.9692303538322449,0.48577257990837097,-1.0,0.2091456949710846,-1.0,0.5597919821739197
1.0,0.7900000214576721,0.023255813866853714,-1.0,0.8171065449714661,-1.0,-1.0,1.0,0.9887521266937256,-1.0,0.8788316249847412,-1.0,-1.0,-1.0,0.9768651127815247,0.6213952302932739,-1.0,0.2734649181365967,-1.0,0.5409228205680847
1.0,1.0,1.0,-1.0,0.7389336824417114,-1.0,-1.0,1.0,0.991991400718689,-1.0,0.8498064875602722,-1.0,-1.0,-1.0,0.984578549861908,0.6729552745819092,-1.0,0.11085909605026245,-1.0,0.42855843901634216
1.0,0.8409090638160706,1.0,-1.0,0.7131408452987671,-1.0,-1.0,1.0,0.9846261143684387,-1.0,0.8815916776657104,-1.0,-1.0,-1.0,0.9714764952659607,0.5516162514686584,-1.0,0.1093609556555748,-1.0,0.6357006430625916
1.0,0.8214285969734192,0.07692307978868484,-1.0,0.7513323426246643,-1.0,-1.0,1.0,0.9870816469192505,-1.0,0.8921452164649963,-1.0,-1.0,-1.0,0.9720639586448669,0.5997552871704102,-1.0,0.25229978561401367,-1.0,0.3274172246456146
1.0,0.8214285969734192,1.0,-1.0,0.7034633755683899,-1.0,-1.0,1.0,0.9824227690696716,-1.0,0.8787473440170288,-1.0,-1.0,-1.0,0.9544971585273743,0.5559213161468506,-1.0,0.4098440408706665,-1.0,0.12673351168632507
1.0,0.7884615659713745,1.0,-1.0,0.6703470349311829,-1.0,-1.0,1.0,0.9883078336715698,-1.0,0.8596446514129639,-1.0,-1.0,-1.0,0.9724618196487427,0.5920069217681885,-1.0,0.12791092693805695,-1.0,0.38537296652793884
1.0,1.0,1.0,-1.0,0.7913538813591003,-1.0,-1.0,1.0,0.9899671077728271,-1.0,0.8673192262649536,-1.0,-1.0,-1.0,0.979200005531311,0.4450800120830536,-1.0,0.4861111044883728,-1.0,0.308035284280777
1.0,0.9166666865348816,1.0,-1.0,0.626006543636322,-1.0,-1.0,1.0,0.9883265495300293,-1.0,0.8723248243331909,-1.0,-1.0,-1.0,0.9746028780937195,0.5882174968719482,-1.0,0.1086309552192688,-1.0,0.4103430211544037
1.0,0.8333333134651184,0.10000000149011612,-1.0,0.6675926446914673,-1.0,-1.0,1.0,0.9881584644317627,-1.0,0.8826018571853638,-1.0,-1.0,-1.0,0.9729259014129639,0.6572182178497314,-1.0,0.28231292963027954,-1.0,0.4884231984615326
1.0,0.949999988079071,0.022727273404598236,-1.0,0.7688907980918884,-1.0,-1.0,1.0,0.9841218590736389,-1.0,0.8547549843788147,-1.0,-1.0,-1.0,0.9529838562011719,0.6825311779975891,-1.0,0.18354129791259766,-1.0,0.24210377037525177
1.0,0.8333333134651184,0.05882352963089943,-1.0,0.6972131729125977,-1.0,-1.0,1.0,0.9908543825149536,-1.0,0.8923278450965881,-1.0,-1.0,-1.0,0.9476712942123413,0.6653926372528076,-1.0,0.2509058117866516,-1.0,0.17256297171115875
1.0,0.8333333134651184,0.5,-1.0,0.6732819676399231,-1.0,-1.0,1.0,0.9867017865180969,-1.0,0.8845462799072266,-1.0,-1.0,-1.0,0.9704793691635132,0.6166328191757202,-1.0,0.17856194078922272,-1.0,0.3129592537879944
1.0,0.8500000238418579,1.0,-1.0,0.8179008364677429,-1.0,-1.0,1.0,0.9856728315353394,-1.0,0.8989952206611633,-1.0,-1.0,-1.0,0.9898098707199097,0.6510115265846252,-1.0,0.11340198665857315,-1.0,0.32205256819725037
1.0,0.9166666865348816,0.018518518656492233,-1.0,0.7382019758224487,-1.0,-1.0,1.0,0.9855087399482727,-1.0,0.8905311822891235,-1.0,-1.0,-1.0,0.9736080169677734,0.6011943221092224,-1.0,0.27743056416511536,-1.0,0.4050478935241699
1.0,0.949999988079071,1.0,-1.0,0.6855882406234741,-1.0,-1.0,0.8666666746139526,0.9905216693878174,-1.0,0.8882033228874207,-1.0,-1.0,-1.0,0.9577686190605164,0.6435526609420776,-1.0,0.08009331673383713,-1.0,0.26286575198173523
1.0,0.949999988079071,0.03030303120613098,-1.0,0.7855508923530579,-1.0,-1.0,1.0,0.985339343547821,-1.0,0.8878380656242371,-1.0,-1.0,-1.0,0.9614587426185608,0.5629705190658569,-1.0,0.37857142090797424,-1.0,0.39586859941482544
1.0,0.7614942789077759,1.0,-1.0,0.7125526666641235,-1.0,-1.0,1.0,0.9869328737258911,-1.0,0.894278347492218,-1.0,-1.0,-1.0,0.989541232585907,0.6123594641685486,-1.0,0.2524305582046509,-1.0,0.4658966362476349
1.0,1.0,1.0,-1.0,0.7316579222679138,-1.0,-1.0,1.0,0.9793924689292908,-1.0,0.8712085485458374,-1.0,-1.0,-1.0,0.9819129705429077,0.5326506495475769,-1.0,0.22458001971244812,-1.0,0.21307320892810822
1.0,0.7770270109176636,1.0,-1.0,0.7825998663902283,-1.0,-1.0,0.9166666865348816,0.9860786199569702,-1.0,0.8791568279266357,-1.0,-1.0,-1.0,0.9565178155899048,0.6294861435890198,-1.0,0.35104167461395264,-1.0,0.3424580693244934
1.0,0.7647058963775635,0.09090909361839294,-1.0,0.7594887018203735,-1.0,-1.0,1.0,0.9832666516304016,-1.0,0.8631925582885742,-1.0,-1.0,-1.0,0.9560702443122864,0.64093017578125,-1.0,0.543749988079071,-1.0,0.48414236307144165
1.0,0.9166666865348816,1.0,-1.0,0.6545829176902771,-1.0,-1.0,1.0,0.9813560843467712,-1.0,0.8784027695655823,-1.0,-1.0,-1.0,0.9730711579322815,0.542793333530426,-1.0,0.19615384936332703,-1.0,0.5523768067359924
1.0,0.7954545617103577,1.0,-1.0,0.6844503879547119,-1.0,-1.0,1.0,0.9873067736625671,-1.0,0.8849268555641174,-1.0,-1.0,-1.0,0.9719464182853699,0.6542587280273438,-1.0,0.06358838081359863,-1.0,0.24680963158607483
1.0,0.8611111044883728,1.0,-1.0,0.7383890151977539,-1.0,-1.0,1.0,0.9870214462280273,-1.0,0.8830800652503967,-1.0,-1.0,-1.0,0.9797806739807129,0.6575504541397095,-1.0,0.23937729001045227,-1.0,0.3780493140220642
1.0,0.9166666865348816,1.0,-1.0,0.5668973922729492,-1.0,-1.0,1.0,0.9856328964233398,-1.0,0.8932434320449829,-1.0,-1.0,-1.0,0.9631425738334656,0.5836488008499146,-1.0,0.1995558738708496,-1.0,0.4469897747039795
1.0,0.8333333134651184,1.0,-1.0,0.6332172155380249,-1.0,-1.0,1.0,0.9852131009101868,-1.0,0.8929567933082581,-1.0,-1.0,-1.0,0.9705929160118103,0.5844777226448059,-1.0,0.39454615116119385,-1.0,0.3963509202003479
1.0,0.7870370149612427,1.0,-1.0,0.7933666110038757,-1.0,-1.0,1.0,0.9848721623420715,-1.0,0.8832390308380127,-1.0,-1.0,-1.0,0.9601367115974426,0.599439799785614,-1.0,0.2001582235097885,-1.0,0.42800062894821167
1.0,0.949999988079071,1.0,-1.0,0.7908373475074768,-1.0,-1.0,1.0,0.9768881797790527,-1.0,0.8866194486618042,-1.0,-1.0,-1.0,0.978080153465271,0.5155358910560608,-1.0,0.3017399311065674,-1.0,0.3691726624965668
1.0,0.8333333134651184,0.05263157933950424,-1.0,0.8008279800415039,-1.0,-1.0,1.0,0.9900586605072021,-1.0,0.879126787185669,-1.0,-1.0,-1.0,0.9676916003227234,0.6016332507133484,-1.0,0.06137588247656822,-1.0,0.39241114258766174
1.0,0.7900000214576721,0.5,-1.0,0.704277753829956,-1.0,-1.0,1.0,0.9835841059684753,-1.0,0.8894893527030945,-1.0,-1.0,-1.0,0.975658655166626,0.6063694357872009,-1.0,0.141195610165596,-1.0,0.32989251613616943
1.0,0.8333333134651184,1.0,-1.0,0.7468435764312744,-1.0,-1.0,1.0,0.9834681153297424,-1.0,0.8818671107292175,-1.0,-1.0,-1.0,0.9972943663597107,0.676995038986206,-1.0,0.08251065760850906,-1.0,0.25637784600257874
1.0,0.7803030014038086,1.0,-1.0,0.6517626643180847,-1.0,-1.0,1.0,0.9875373244285583,-1.0,0.8894750475883484,-1.0,-1.0,-1.0,0.9817963242530823,0.5615863800048828,-1.0,0.19388888776302338,-1.0,0.3000950813293457
1.0,0.8409090638160706,1.0,-1.0,0.7489877343177795,-1.0,-1.0,1.0,0.983344554901123,-1.0,0.8771684765815735,-1.0,-1.0,-1.0,0.9765634536743164,0.5156205296516418,-1.0,0.1953662931919098,-1.0,0.2001344859600067
1.0,0.875,1.0,-1.0,0.7160457968711853,-1.0,-1.0,1.0,0.9906349182128906,-1.0,0.8727191686630249,-1.0,-1.0,-1.0,0.9649220108985901,0.64913409948349,-1.0,0.2155914008617401,-1.0,0.44553759694099426
1.0,0.7692307829856873,0.10000000149011612,-1.0,0.7173090577125549,-1.0,-1.0,1.0,0.981724739074707,-1.0,0.8843766450881958,-1.0,-1.0,-1.0,0.9706854820251465,0.5765411853790283,-1.0,0.37214285135269165,-1.0,0.3607851564884186
1.0,1.0,1.0,-1.0,0.7558706402778625,-1.0,-1.0,0.7575757503509521,0.9821942448616028,-1.0,0.8788179159164429,-1.0,-1.0,-1.0,0.971303403377533,0.635241687297821,-1.0,0.19966931641101837,-1.0,0.3673662841320038
1.0,0.7976190447807312,0.125,-1.0,0.6951585412025452,-1.0,-1.0,1.0,0.988323450088501,-1.0,0.8831631541252136,-1.0,-1.0,-1.0,0.9735029935836792,0.5660724639892578,-1.0,0.3047619163990021,-1.0,0.4224272668361664
1.0,0.7603092789649963,1.0,-1.0,0.7751702070236206,-1.0,-1.0,1.0,0.9857969880104065,-1.0,0.8880672454833984,-1.0,-1.0,-1.0,0.9872950911521912,0.6829005479812622,-1.0,0.20695602893829346,-1.0,0.3491690754890442
1.0,0.7870370149612427,1.0,-1.0,0.6875609159469604,-1.0,-1.0,1.0,0.9879038333892822,-1.0,0.8905966281890869,-1.0,-1.0,-1.0,0.9548028707504272,0.5599812269210815,-1.0,0.28531745076179504,-1.0,0.3976939022541046
1.0,0.7954545617103577,1.0,-1.0,0.7946423888206482,-1.0,-1.0,1.0,0.9893689751625061,-1.0,0.8661842942237854,-1.0,-1.0,-1.0,0.9616982340812683,0.5192825794219971,-1.0,0.44924241304397583,-1.0,0.24902021884918213
1.0,0.7822580933570862,1.0,-1.0,0.6920684576034546,-1.0,-1.0,1.0,0.9838303923606873,-1.0,0.8832111954689026,-1.0,-1.0,-1.0,0.9802889227867126,0.5791675448417664,-1.0,0.3644736707210541,-1.0,0.3773391842842102
1.0,0.7611111402511597,1.0,-1.0,0.6773990392684937,-1.0,-1.0,1.0,0.9855633974075317,-1.0,0.883573591709137,-1.0,-1.0,-1.0,0.9709482192993164,0.5709769129753113,-1.0,0.16453081369400024,-1.0,0.6020095944404602
1.0,0.7743902206420898,0.09090909361839294,-1.0,0.757964551448822,-1.0,-1.0,0.9166666865348816,0.9860526323318481,-1.0,0.867632269859314,-1.0,-1.0,-1.0,0.9538692235946655,0.6485244631767273,-1.0,0.18600380420684814,-1.0,0.34726282954216003
1.0,1.0,0.01515151560306549,-1.0,0.7602543234825134,-1.0,-1.0,1.0,0.9901930689811707,-1.0,0.8899452686309814,-1.0,-1.0,-1.0,0.9789189696311951,0.5001897811889648,-1.0,0.4709915518760681,-1.0,0.2779095768928528
1.0,0.7954545617103577,0.5,-1.0,0.7482744455337524,-1.0,-1.0,1.0,0.9848607778549194,-1.0,0.8950585722923279,-1.0,-1.0,-1.0,0.9572771191596985,0.7040123343467712,-1.0,0.4082414209842682,-1.0,0.27083784341812134
1.0,0.9166666865348816,1.0,-1.0,0.6698247790336609,-1.0,-1.0,1.0,0.9839462041854858,-1.0,0.8709418773651123,-1.0,-1.0,-1.0,0.9699336886405945,0.49778223037719727,-1.0,0.08079375326633453,-1.0,0.3524171710014343
1.0,1.0,1.0,-1.0,0.6841045618057251,-1.0,-1.0,0.719298243522644,0.9824643731117249,-1.0,0.8921305537223816,-1.0,-1.0,-1.0,0.9646741151809692,0.40639540553092957,-1.0,0.4005952477455139,-1.0,0.3214346766471863
1.0,0.7785714268684387,0.0833333358168602,-1.0,0.7368792295455933,-1.0,-1.0,1.0,0.983956515789032,-1.0,0.8723128437995911,-1.0,-1.0,-1.0,0.9643979668617249,0.6136846542358398,-1.0,0.20514829456806183,-1.0,0.36305439472198486
1.0,0.7696078419685364,1.0,-1.0,0.7198806405067444,-1.0,-1.0,1.0,0.9844764471054077,-1.0,0.8634694814682007,-1.0,-1.0,-1.0,0.9601541757583618,0.6654394268989563,-1.0,0.25631314516067505,-1.0,0.44767245650291443
1.0,0.6223214268684387,0.25,-1.0,0.7503386735916138,-1.0,-1.0,1.0,0.989852249622345,-1.0,0.892236053943634,-1.0,-1.0,-1.0,0.9793729186058044,0.678690493106842,-1.0,0.2370927333831787,-1.0,0.2650463879108429
1.0,0.875,1.0,-1.0,0.6497032642364502,-1.0,-1.0,1.0,0.988682210445404,-1.0,0.8795532584190369,-1.0,-1.0,-1.0,0.9640095829963684,0.5394254326820374,-1.0,0.10082968324422836,-1.0,0.2719614803791046
1.0,0.8500000238418579,1.0,-1.0,0.6727955937385559,-1.0,-1.0,1.0,0.980197548866272,-1.0,0.8853207230567932,-1.0,-1.0,-1.0,0.9756180047988892,0.492574006319046,-1.0,0.09001800417900085,-1.0,0.4325445890426636
1.0,0.8928571343421936,1.0,-1.0,0.577617883682251,-1.0,-1.0,1.0,0.9814925789833069,-1.0,0.8825211524963379,-1.0,-1.0,-1.0,0.9663459062576294,0.7395933866500854,-1.0,0.2820175290107727,-1.0,0.47897103428840637
1.0,0.8125,1.0,-1.0,0.6954985857009888,-1.0,-1.0,1.0,0.9915519952774048,-1.0,0.8641437292098999,-1.0,-1.0,-1.0,0.9750992059707642,0.6236501336097717,-1.0,0.39510488510131836,-1.0,0.21980473399162292
